[0.000000] (-) TimerEvent: {}
[0.000193] (-) JobUnselected: {'identifier': 'python_turtle'}
[0.000233] (-) JobUnselected: {'identifier': 'webcam'}
[0.000270] (turtle_interfaces) JobQueued: {'identifier': 'turtle_interfaces', 'dependencies': OrderedDict()}
[0.000358] (turtle_interfaces) JobStarted: {'identifier': 'turtle_interfaces'}
[0.021986] (turtle_interfaces) JobProgress: {'identifier': 'turtle_interfaces', 'progress': 'cmake'}
[0.023299] (turtle_interfaces) JobProgress: {'identifier': 'turtle_interfaces', 'progress': 'build'}
[0.023347] (turtle_interfaces) Command: {'cmd': ['/usr/bin/cmake', '--build', '/home/yahboom/Desktop/team_repo/Lab3/wallaa2/roscourse_ws/build/turtle_interfaces', '--', '-j4', '-l4'], 'cwd': '/home/yahboom/Desktop/team_repo/Lab3/wallaa2/roscourse_ws/build/turtle_interfaces', 'env': OrderedDict([('LESSOPEN', '| /usr/bin/lesspipe %s'), ('USER', 'yahboom'), ('LC_TIME', 'en_US.UTF-8'), ('XDG_SESSION_TYPE', 'wayland'), ('SHLVL', '1'), ('LD_LIBRARY_PATH', '/home/yahboom/Desktop/team_repo/Lab3/wallaa2/roscourse_ws/install/turtle_interfaces/lib:/home/yahboom/cartoros2/install/yahboom_web_savmap_interfaces/lib:/home/yahboom/cartoros2/install/yahboom_msgs/lib:/home/yahboom/cartoros2/install/yahboom_color_identify_interfaces/lib:/home/yahboom/cartoros2/install/yahboom_attitude_record_interfaces/lib:/home/yahboom/cartoros2/install/nav2_smoother/lib:/home/yahboom/cartoros2/install/nav2_graceful_controller/lib:/home/yahboom/cartoros2/install/nav2_controller/lib:/home/yahboom/cartoros2/install/dwb_plugins/lib:/home/yahboom/cartoros2/install/dwb_critics/lib:/home/yahboom/cartoros2/install/dwb_core/lib:/home/yahboom/cartoros2/install/nav_2d_utils/lib:/home/yahboom/cartoros2/install/dwb_msgs/lib:/home/yahboom/cartoros2/install/nav_2d_msgs/lib:/home/yahboom/cartoros2/install/nav2_waypoint_follower/lib:/home/yahboom/cartoros2/install/nav2_theta_star_planner/lib:/home/yahboom/cartoros2/install/nav2_smac_planner/lib:/home/yahboom/cartoros2/install/nav2_rotation_shim_controller/lib:/home/yahboom/cartoros2/install/nav2_regulated_pure_pursuit_controller/lib:/home/yahboom/cartoros2/install/nav2_planner/lib:/home/yahboom/cartoros2/install/nav2_navfn_planner/lib:/home/yahboom/cartoros2/install/nav2_mppi_controller/lib:/home/yahboom/cartoros2/install/nav2_constrained_smoother/lib:/home/yahboom/cartoros2/install/nav2_bt_navigator/lib:/home/yahboom/cartoros2/install/nav2_behaviors/lib:/home/yahboom/cartoros2/install/nav2_collision_monitor/lib:/home/yahboom/cartoros2/install/costmap_queue/lib:/home/yahboom/cartoros2/install/nav2_costmap_2d/lib:/home/yahboom/cartoros2/install/nav2_voxel_grid/lib:/home/yahboom/cartoros2/install/nav2_velocity_smoother/lib:/home/yahboom/cartoros2/install/nav2_rviz_plugins/lib:/home/yahboom/cartoros2/install/nav2_map_server/lib:/home/yahboom/cartoros2/install/nav2_lifecycle_manager/lib:/home/yahboom/cartoros2/install/nav2_behavior_tree/lib:/home/yahboom/cartoros2/install/nav2_amcl/lib:/home/yahboom/cartoros2/install/nav2_util/lib:/home/yahboom/cartoros2/install/nav2_msgs/lib:/home/yahboom/cartoros2/install/image_color_lab/lib:/home/yahboom/cartoros2/install/dynamixel_sdk_custom_interfaces/lib:/home/yahboom/cartoros2/install/dynamixel_sdk/lib:/home/yahboom/cartoros2/install/csm/lib:/home/yahboom/cartoros2/install/champ_msgs/lib:/home/yahboom/cartoros2/install/cartographer_ros_msgs/lib:/home/yahboom/yahboomcar_ws/install/yahboom_dog_msgs/lib:/home/yahboom/yahboomcar_ws/install/dynamixel_sdk_custom_interfaces/lib:/home/yahboom/yahboomcar_ws/install/dynamixel_sdk/lib:/home/yahboom/yahboomcar_ws/install/champ_msgs/lib:/home/yahboom/gmapping_ws/install/openslam_gmapping/lib:/usr/lib/x86_64-linux-gnu/gazebo-11/plugins:/opt/ros/humble/opt/rviz_ogre_vendor/lib:/opt/ros/humble/lib/x86_64-linux-gnu:/opt/ros/humble/lib:/opt/ros/humble/include/std_msgs/std_msgs/msg/:/usr/lib/jvm/java-11-openjdk-amd64/lib/:/usr/lib/jvm/java-11-openjdk-amd64/lib/server/:'), ('HOME', '/home/yahboom'), ('OLDPWD', '/home/yahboom/Desktop/team_repo/Lab3/wallaa2/roscourse_ws/src/turtle_interfaces'), ('DESKTOP_SESSION', 'ubuntu'), ('ROS_PYTHON_VERSION', '3'), ('GNOME_SHELL_SESSION_MODE', 'ubuntu'), ('GTK_MODULES', 'gail:atk-bridge'), ('LC_MONETARY', 'en_US.UTF-8'), ('MANAGERPID', '1106'), ('SYSTEMD_EXEC_PID', '1566'), ('DBUS_SESSION_BUS_ADDRESS', 'unix:path=/run/user/1000/bus'), ('COLORTERM', 'truecolor'), ('TERMINATOR_DBUS_NAME', 'net.tenshu.Terminator25ef4b219e3b005583550f2b0f9f990c3'), ('GIO_LAUNCHED_DESKTOP_FILE_PID', '67413'), ('IM_CONFIG_PHASE', '1'), ('WAYLAND_DISPLAY', 'wayland-0'), ('COLCON_PREFIX_PATH', '/home/yahboom/Desktop/team_repo/Lab3/wallaa2/roscourse_ws/install:/home/yahboom/yahboomcar_ws/install:/home/yahboom/gmapping_ws/install:/home/yahboom/cartoros2/install'), ('ROS_DISTRO', 'humble'), ('LOGNAME', 'yahboom'), ('JOURNAL_STREAM', '8:35619'), ('_', '/usr/bin/colcon'), ('ROS_VERSION', '2'), ('PKG_CONFIG_PATH', '/home/yahboom/cartoros2/install/cartographer/lib/x86_64-linux-gnu/pkgconfig:/home/yahboom/cartoros2/install/cartographer/lib/pkgconfig'), ('XDG_SESSION_CLASS', 'user'), ('USERNAME', 'yahboom'), ('TERM', 'xterm-256color'), ('GNOME_DESKTOP_SESSION_ID', 'this-is-deprecated'), ('ROS_LOCALHOST_ONLY', '0'), ('PATH', '/home/yahboom/cartoros2/install/cartographer/bin:/opt/ros/humble/bin:/usr/local/sbin:/usr/local/bin:/usr/sbin:/usr/bin:/sbin:/bin:/usr/games:/usr/local/games:/snap/bin:/snap/bin'), ('SESSION_MANAGER', 'local/yahboom-virtual-machine:@/tmp/.ICE-unix/1221,unix/yahboom-virtual-machine:/tmp/.ICE-unix/1221'), ('INVOCATION_ID', 'd9b36e616ed9427aae21faf0b552ec02'), ('PAPERSIZE', 'letter'), ('XDG_MENU_PREFIX', 'gnome-'), ('LC_ADDRESS', 'en_US.UTF-8'), ('GNOME_SETUP_DISPLAY', ':1'), ('XDG_RUNTIME_DIR', '/run/user/1000'), ('DISPLAY', ':0'), ('TERMINATOR_DBUS_PATH', '/net/tenshu/Terminator2'), ('LANG', 'en_US.UTF-8'), ('XDG_CURRENT_DESKTOP', 'ubuntu:GNOME'), ('IBUS_DISABLE_SNOOPER', '1'), ('LC_TELEPHONE', 'en_US.UTF-8'), ('XMODIFIERS', '@im=ibus'), ('XDG_SESSION_DESKTOP', 'ubuntu'), ('XAUTHORITY', '/run/user/1000/.mutter-Xwaylandauth.NCY5K3'), ('LS_COLORS', 'rs=0:di=01;34:ln=01;36:mh=00:pi=40;33:so=01;35:do=01;35:bd=40;33;01:cd=40;33;01:or=40;31;01:mi=00:su=37;41:sg=30;43:ca=30;41:tw=30;42:ow=34;42:st=37;44:ex=01;32:*.tar=01;31:*.tgz=01;31:*.arc=01;31:*.arj=01;31:*.taz=01;31:*.lha=01;31:*.lz4=01;31:*.lzh=01;31:*.lzma=01;31:*.tlz=01;31:*.txz=01;31:*.tzo=01;31:*.t7z=01;31:*.zip=01;31:*.z=01;31:*.dz=01;31:*.gz=01;31:*.lrz=01;31:*.lz=01;31:*.lzo=01;31:*.xz=01;31:*.zst=01;31:*.tzst=01;31:*.bz2=01;31:*.bz=01;31:*.tbz=01;31:*.tbz2=01;31:*.tz=01;31:*.deb=01;31:*.rpm=01;31:*.jar=01;31:*.war=01;31:*.ear=01;31:*.sar=01;31:*.rar=01;31:*.alz=01;31:*.ace=01;31:*.zoo=01;31:*.cpio=01;31:*.7z=01;31:*.rz=01;31:*.cab=01;31:*.wim=01;31:*.swm=01;31:*.dwm=01;31:*.esd=01;31:*.jpg=01;35:*.jpeg=01;35:*.mjpg=01;35:*.mjpeg=01;35:*.gif=01;35:*.bmp=01;35:*.pbm=01;35:*.pgm=01;35:*.ppm=01;35:*.tga=01;35:*.xbm=01;35:*.xpm=01;35:*.tif=01;35:*.tiff=01;35:*.png=01;35:*.svg=01;35:*.svgz=01;35:*.mng=01;35:*.pcx=01;35:*.mov=01;35:*.mpg=01;35:*.mpeg=01;35:*.m2v=01;35:*.mkv=01;35:*.webm=01;35:*.webp=01;35:*.ogm=01;35:*.mp4=01;35:*.m4v=01;35:*.mp4v=01;35:*.vob=01;35:*.qt=01;35:*.nuv=01;35:*.wmv=01;35:*.asf=01;35:*.rm=01;35:*.rmvb=01;35:*.flc=01;35:*.avi=01;35:*.fli=01;35:*.flv=01;35:*.gl=01;35:*.dl=01;35:*.xcf=01;35:*.xwd=01;35:*.yuv=01;35:*.cgm=01;35:*.emf=01;35:*.ogv=01;35:*.ogx=01;35:*.aac=00;36:*.au=00;36:*.flac=00;36:*.m4a=00;36:*.mid=00;36:*.midi=00;36:*.mka=00;36:*.mp3=00;36:*.mpc=00;36:*.ogg=00;36:*.ra=00;36:*.wav=00;36:*.oga=00;36:*.opus=00;36:*.spx=00;36:*.xspf=00;36:'), ('SSH_AGENT_LAUNCHER', 'gnome-keyring'), ('SSH_AUTH_SOCK', '/run/user/1000/keyring/ssh'), ('ROS_DOMAIN_ID', '12'), ('AMENT_PREFIX_PATH', '/home/yahboom/Desktop/team_repo/Lab3/wallaa2/roscourse_ws/install/webcam:/home/yahboom/Desktop/team_repo/Lab3/wallaa2/roscourse_ws/install/python_turtle:/home/yahboom/Desktop/team_repo/Lab3/wallaa2/roscourse_ws/install/turtle_interfaces:/home/yahboom/cartoros2/install/yahboomcar_nav:/home/yahboom/cartoros2/install/yahboomcar_ctrl:/home/yahboom/cartoros2/install/yahboom_web_savmap_interfaces:/home/yahboom/cartoros2/install/yahboom_visual:/home/yahboom/cartoros2/install/yahboom_qrcode:/home/yahboom/cartoros2/install/yahboom_point:/home/yahboom/cartoros2/install/yahboom_nav2_send_goal:/home/yahboom/cartoros2/install/yahboom_msgs:/home/yahboom/cartoros2/install/yahboom_dog_joint_state:/home/yahboom/cartoros2/install/yahboom_description:/home/yahboom/cartoros2/install/yahboom_config:/home/yahboom/cartoros2/install/yahboom_color_identify_server:/home/yahboom/cartoros2/install/yahboom_color_identify_interfaces:/home/yahboom/cartoros2/install/yahboom_bringup:/home/yahboom/cartoros2/install/yahboom_base:/home/yahboom/cartoros2/install/yahboom_attitude_record_interfaces:/home/yahboom/cartoros2/install/yahboom_app_save_map:/home/yahboom/cartoros2/install/update_map:/home/yahboom/cartoros2/install/turtlebot3_description:/home/yahboom/cartoros2/install/rosboard:/home/yahboom/cartoros2/install/robot_pose_publisher_ros2:/home/yahboom/cartoros2/install/rf2o_laser_odometry:/home/yahboom/cartoros2/install/path_planner_server:/home/yahboom/cartoros2/install/nav2_system_tests:/home/yahboom/cartoros2/install/nav2_bringup:/home/yahboom/cartoros2/install/navigation2:/home/yahboom/cartoros2/install/nav2_smoother:/home/yahboom/cartoros2/install/nav2_graceful_controller:/home/yahboom/cartoros2/install/nav2_dwb_controller:/home/yahboom/cartoros2/install/nav2_controller:/home/yahboom/cartoros2/install/dwb_plugins:/home/yahboom/cartoros2/install/dwb_critics:/home/yahboom/cartoros2/install/dwb_core:/home/yahboom/cartoros2/install/nav_2d_utils:/home/yahboom/cartoros2/install/dwb_msgs:/home/yahboom/cartoros2/install/nav_2d_msgs:/home/yahboom/cartoros2/install/nav2_waypoint_follower:/home/yahboom/cartoros2/install/nav2_theta_star_planner:/home/yahboom/cartoros2/install/nav2_smac_planner:/home/yahboom/cartoros2/install/nav2_rotation_shim_controller:/home/yahboom/cartoros2/install/nav2_regulated_pure_pursuit_controller:/home/yahboom/cartoros2/install/nav2_planner:/home/yahboom/cartoros2/install/nav2_navfn_planner:/home/yahboom/cartoros2/install/nav2_mppi_controller:/home/yahboom/cartoros2/install/nav2_constrained_smoother:/home/yahboom/cartoros2/install/nav2_bt_navigator:/home/yahboom/cartoros2/install/nav2_behaviors:/home/yahboom/cartoros2/install/nav2_core:/home/yahboom/cartoros2/install/nav2_collision_monitor:/home/yahboom/cartoros2/install/costmap_queue:/home/yahboom/cartoros2/install/nav2_costmap_2d:/home/yahboom/cartoros2/install/nav2_voxel_grid:/home/yahboom/cartoros2/install/nav2_velocity_smoother:/home/yahboom/cartoros2/install/nav2_rviz_plugins:/home/yahboom/cartoros2/install/nav2_map_server:/home/yahboom/cartoros2/install/nav2_lifecycle_manager:/home/yahboom/cartoros2/install/nav2_behavior_tree:/home/yahboom/cartoros2/install/nav2_amcl:/home/yahboom/cartoros2/install/nav2_util:/home/yahboom/cartoros2/install/nav2_simple_commander:/home/yahboom/cartoros2/install/nav2_msgs:/home/yahboom/cartoros2/install/nav2_gazebo_spawner:/home/yahboom/cartoros2/install/nav2_common:/home/yahboom/cartoros2/install/localization_server:/home/yahboom/cartoros2/install/laserscan_to_point_pulisher:/home/yahboom/cartoros2/install/image_color_lab:/home/yahboom/cartoros2/install/dynamixel_sdk_examples:/home/yahboom/cartoros2/install/dynamixel_sdk_custom_interfaces:/home/yahboom/cartoros2/install/dynamixel_sdk:/home/yahboom/cartoros2/install/csm:/home/yahboom/cartoros2/install/champ_msgs:/home/yahboom/cartoros2/install/champ_bringup:/home/yahboom/cartoros2/install/champ:/home/yahboom/cartoros2/install/cartographer_ros_msgs:/home/yahboom/yahboomcar_ws/install/yahboom_navigation2:/home/yahboom/yahboomcar_ws/install/yahboom_dog_node:/home/yahboom/yahboomcar_ws/install/yahboom_dog_navigation2:/home/yahboom/yahboomcar_ws/install/yahboom_dog_nav:/home/yahboom/yahboomcar_ws/install/yahboom_dog_msgs:/home/yahboom/yahboomcar_ws/install/yahboom_dog_example:/home/yahboom/yahboomcar_ws/install/yahboom_dog_cartographer:/home/yahboom/yahboomcar_ws/install/yahboom_dog:/home/yahboom/yahboomcar_ws/install/yahboom_dog_bringup:/home/yahboom/yahboomcar_ws/install/dynamixel_sdk_examples:/home/yahboom/yahboomcar_ws/install/dynamixel_sdk_custom_interfaces:/home/yahboom/yahboomcar_ws/install/dynamixel_sdk:/home/yahboom/yahboomcar_ws/install/champ_navigation:/home/yahboom/yahboomcar_ws/install/champ_msgs:/home/yahboom/yahboomcar_ws/install/champ_bringup:/home/yahboom/yahboomcar_ws/install/champ_description:/home/yahboom/yahboomcar_ws/install/champ_config:/home/yahboom/yahboomcar_ws/install/champ:/home/yahboom/gmapping_ws/install/slam_gmapping:/home/yahboom/gmapping_ws/install/openslam_gmapping:/opt/ros/humble'), ('SHELL', '/bin/bash'), ('LC_NAME', 'en_US.UTF-8'), ('TERMINATOR_UUID', 'urn:uuid:d0b21e24-9b98-4f18-b502-d8c00afe42a0'), ('QT_ACCESSIBILITY', '1'), ('GDMSESSION', 'ubuntu'), ('LESSCLOSE', '/usr/bin/lesspipe %s %s'), ('LC_MEASUREMENT', 'en_US.UTF-8'), ('LC_IDENTIFICATION', 'en_US.UTF-8'), ('QT_IM_MODULE', 'ibus'), ('PWD', '/home/yahboom/Desktop/team_repo/Lab3/wallaa2/roscourse_ws/build/turtle_interfaces'), ('TURTLEBOT3_MODEL', 'burger'), ('XDG_CONFIG_DIRS', '/etc/xdg/xdg-ubuntu:/etc/xdg'), ('XDG_DATA_DIRS', '/usr/share/ubuntu:/usr/local/share/:/usr/share/:/var/lib/snapd/desktop'), ('PYTHONPATH', '/home/yahboom/Desktop/team_repo/Lab3/wallaa2/roscourse_ws/install/webcam/lib/python3.10/site-packages:/home/yahboom/Desktop/team_repo/Lab3/wallaa2/roscourse_ws/install/python_turtle/lib/python3.10/site-packages:/home/yahboom/Desktop/team_repo/Lab3/wallaa2/roscourse_ws/install/turtle_interfaces/local/lib/python3.10/dist-packages:/home/yahboom/cartoros2/install/yahboomcar_nav/lib/python3.10/site-packages:/home/yahboom/cartoros2/install/yahboomcar_ctrl/lib/python3.10/site-packages:/home/yahboom/cartoros2/install/yahboom_web_savmap_interfaces/local/lib/python3.10/dist-packages:/home/yahboom/cartoros2/install/yahboom_visual/lib/python3.10/site-packages:/home/yahboom/cartoros2/install/yahboom_msgs/local/lib/python3.10/dist-packages:/home/yahboom/cartoros2/install/yahboom_dog_joint_state/lib/python3.10/site-packages:/home/yahboom/cartoros2/install/yahboom_description/lib/python3.10/site-packages:/home/yahboom/cartoros2/install/yahboom_color_identify_server/lib/python3.10/site-packages:/home/yahboom/cartoros2/install/yahboom_color_identify_interfaces/local/lib/python3.10/dist-packages:/home/yahboom/cartoros2/install/yahboom_bringup/lib/python3.10/site-packages:/home/yahboom/cartoros2/install/yahboom_base/lib/python3.10/site-packages:/home/yahboom/cartoros2/install/yahboom_attitude_record_interfaces/local/lib/python3.10/dist-packages:/home/yahboom/cartoros2/install/yahboom_app_save_map/lib/python3.10/site-packages:/home/yahboom/cartoros2/install/update_map/lib/python3.10/site-packages:/home/yahboom/cartoros2/install/rosboard/lib/python3.10/site-packages:/home/yahboom/cartoros2/install/path_planner_server/lib/python3.10/site-packages:/home/yahboom/cartoros2/install/dwb_msgs/local/lib/python3.10/dist-packages:/home/yahboom/cartoros2/install/nav_2d_msgs/local/lib/python3.10/dist-packages:/home/yahboom/cartoros2/install/nav2_simple_commander/lib/python3.10/site-packages:/home/yahboom/cartoros2/install/nav2_msgs/local/lib/python3.10/dist-packages:/home/yahboom/cartoros2/install/nav2_gazebo_spawner/lib/python3.10/site-packages:/home/yahboom/cartoros2/install/nav2_common/local/lib/python3.10/dist-packages:/home/yahboom/cartoros2/install/localization_server/lib/python3.10/site-packages:/home/yahboom/cartoros2/install/laserscan_to_point_pulisher/lib/python3.10/site-packages:/home/yahboom/cartoros2/install/image_color_lab/local/lib/python3.10/dist-packages:/home/yahboom/cartoros2/install/dynamixel_sdk_custom_interfaces/local/lib/python3.10/dist-packages:/home/yahboom/cartoros2/install/champ_msgs/local/lib/python3.10/dist-packages:/home/yahboom/cartoros2/install/champ_bringup/local/lib/python3.10/dist-packages:/home/yahboom/cartoros2/install/cartographer_ros_msgs/local/lib/python3.10/dist-packages:/home/yahboom/yahboomcar_ws/install/yahboom_dog_msgs/local/lib/python3.10/dist-packages:/home/yahboom/yahboomcar_ws/install/yahboom_dog_example/lib/python3.10/site-packages:/home/yahboom/yahboomcar_ws/install/turtlebot3_example/lib/python3.10/site-packages:/home/yahboom/yahboomcar_ws/install/dynamixel_sdk_custom_interfaces/local/lib/python3.10/dist-packages:/home/yahboom/yahboomcar_ws/install/champ_msgs/local/lib/python3.10/dist-packages:/home/yahboom/yahboomcar_ws/install/champ_bringup/local/lib/python3.10/dist-packages:/opt/ros/humble/lib/python3.10/site-packages:/opt/ros/humble/local/lib/python3.10/dist-packages'), ('LC_NUMERIC', 'en_US.UTF-8'), ('LC_PAPER', 'en_US.UTF-8'), ('COLCON', '1'), ('VTE_VERSION', '6800'), ('CMAKE_PREFIX_PATH', '/home/yahboom/Desktop/team_repo/Lab3/wallaa2/roscourse_ws/install/turtle_interfaces:/home/yahboom/cartoros2/install/yahboom_web_savmap_interfaces:/home/yahboom/cartoros2/install/yahboom_qrcode:/home/yahboom/cartoros2/install/yahboom_point:/home/yahboom/cartoros2/install/yahboom_nav2_send_goal:/home/yahboom/cartoros2/install/yahboom_msgs:/home/yahboom/cartoros2/install/yahboom_config:/home/yahboom/cartoros2/install/yahboom_color_identify_interfaces:/home/yahboom/cartoros2/install/yahboom_attitude_record_interfaces:/home/yahboom/cartoros2/install/turtlebot3_description:/home/yahboom/cartoros2/install/robot_pose_publisher_ros2:/home/yahboom/cartoros2/install/rf2o_laser_odometry:/home/yahboom/cartoros2/install/nav2_system_tests:/home/yahboom/cartoros2/install/nav2_bringup:/home/yahboom/cartoros2/install/navigation2:/home/yahboom/cartoros2/install/nav2_smoother:/home/yahboom/cartoros2/install/nav2_graceful_controller:/home/yahboom/cartoros2/install/nav2_dwb_controller:/home/yahboom/cartoros2/install/nav2_controller:/home/yahboom/cartoros2/install/dwb_plugins:/home/yahboom/cartoros2/install/dwb_critics:/home/yahboom/cartoros2/install/dwb_core:/home/yahboom/cartoros2/install/nav_2d_utils:/home/yahboom/cartoros2/install/dwb_msgs:/home/yahboom/cartoros2/install/nav_2d_msgs:/home/yahboom/cartoros2/install/nav2_waypoint_follower:/home/yahboom/cartoros2/install/nav2_theta_star_planner:/home/yahboom/cartoros2/install/nav2_smac_planner:/home/yahboom/cartoros2/install/nav2_rotation_shim_controller:/home/yahboom/cartoros2/install/nav2_regulated_pure_pursuit_controller:/home/yahboom/cartoros2/install/nav2_planner:/home/yahboom/cartoros2/install/nav2_navfn_planner:/home/yahboom/cartoros2/install/nav2_mppi_controller:/home/yahboom/cartoros2/install/nav2_constrained_smoother:/home/yahboom/cartoros2/install/nav2_bt_navigator:/home/yahboom/cartoros2/install/nav2_behaviors:/home/yahboom/cartoros2/install/nav2_core:/home/yahboom/cartoros2/install/nav2_collision_monitor:/home/yahboom/cartoros2/install/costmap_queue:/home/yahboom/cartoros2/install/nav2_costmap_2d:/home/yahboom/cartoros2/install/nav2_voxel_grid:/home/yahboom/cartoros2/install/nav2_velocity_smoother:/home/yahboom/cartoros2/install/nav2_rviz_plugins:/home/yahboom/cartoros2/install/nav2_map_server:/home/yahboom/cartoros2/install/nav2_lifecycle_manager:/home/yahboom/cartoros2/install/nav2_behavior_tree:/home/yahboom/cartoros2/install/nav2_amcl:/home/yahboom/cartoros2/install/nav2_util:/home/yahboom/cartoros2/install/nav2_msgs:/home/yahboom/cartoros2/install/nav2_common:/home/yahboom/cartoros2/install/image_color_lab:/home/yahboom/cartoros2/install/dynamixel_sdk_examples:/home/yahboom/cartoros2/install/dynamixel_sdk_custom_interfaces:/home/yahboom/cartoros2/install/dynamixel_sdk:/home/yahboom/cartoros2/install/csm:/home/yahboom/cartoros2/install/champ_msgs:/home/yahboom/cartoros2/install/champ_bringup:/home/yahboom/cartoros2/install/champ:/home/yahboom/cartoros2/install/cartographer_ros_msgs:/home/yahboom/cartoros2/install/cartographer:/home/yahboom/yahboomcar_ws/install/yahboom_navigation2:/home/yahboom/yahboomcar_ws/install/yahboom_dog_node:/home/yahboom/yahboomcar_ws/install/yahboom_dog_navigation2:/home/yahboom/yahboomcar_ws/install/yahboom_dog_nav:/home/yahboom/yahboomcar_ws/install/yahboom_dog_msgs:/home/yahboom/yahboomcar_ws/install/yahboom_dog_cartographer:/home/yahboom/yahboomcar_ws/install/yahboom_dog:/home/yahboom/yahboomcar_ws/install/yahboom_dog_bringup:/home/yahboom/yahboomcar_ws/install/dynamixel_sdk_examples:/home/yahboom/yahboomcar_ws/install/dynamixel_sdk_custom_interfaces:/home/yahboom/yahboomcar_ws/install/dynamixel_sdk:/home/yahboom/yahboomcar_ws/install/champ_navigation:/home/yahboom/yahboomcar_ws/install/champ_msgs:/home/yahboom/yahboomcar_ws/install/champ_bringup:/home/yahboom/yahboomcar_ws/install/champ_description:/home/yahboom/yahboomcar_ws/install/champ_config:/home/yahboom/yahboomcar_ws/install/champ:/home/yahboom/gmapping_ws/install/slam_gmapping:/home/yahboom/gmapping_ws/install/openslam_gmapping:/home/yahboom/Desktop/team_repo/Lab3/wallaa2/roscourse_ws/install/webcam:/home/yahboom/Desktop/team_repo/Lab3/wallaa2/roscourse_ws/install/python_turtle:/home/yahboom/cartoros2/install/yahboomcar_nav:/home/yahboom/cartoros2/install/yahboomcar_ctrl:/home/yahboom/cartoros2/install/yahboom_visual:/home/yahboom/cartoros2/install/yahboom_dog_joint_state:/home/yahboom/cartoros2/install/yahboom_description:/home/yahboom/cartoros2/install/yahboom_color_identify_server:/home/yahboom/cartoros2/install/yahboom_bringup:/home/yahboom/cartoros2/install/yahboom_base:/home/yahboom/cartoros2/install/yahboom_app_save_map:/home/yahboom/cartoros2/install/update_map:/home/yahboom/cartoros2/install/rosboard:/home/yahboom/cartoros2/install/path_planner_server:/home/yahboom/cartoros2/install/nav2_simple_commander:/home/yahboom/cartoros2/install/nav2_gazebo_spawner:/home/yahboom/cartoros2/install/localization_server:/home/yahboom/cartoros2/install/laserscan_to_point_pulisher:/home/yahboom/yahboomcar_ws/install/yahboom_dog_example:/opt/ros/humble')]), 'shell': False}
[0.075983] (turtle_interfaces) StdoutLine: {'line': b'-- Found ament_cmake: 1.3.8 (/opt/ros/humble/share/ament_cmake/cmake)\n'}
[0.099178] (-) TimerEvent: {}
[0.199993] (-) TimerEvent: {}
[0.232715] (turtle_interfaces) StdoutLine: {'line': b'-- Found geometry_msgs: 4.2.3 (/opt/ros/humble/share/geometry_msgs/cmake)\n'}
[0.258101] (turtle_interfaces) StdoutLine: {'line': b'-- Found rosidl_generator_c: 3.1.5 (/opt/ros/humble/share/rosidl_generator_c/cmake)\n'}
[0.259910] (turtle_interfaces) StdoutLine: {'line': b'-- Found rosidl_adapter: 3.1.5 (/opt/ros/humble/share/rosidl_adapter/cmake)\n'}
[0.264567] (turtle_interfaces) StdoutLine: {'line': b'-- Found rosidl_generator_cpp: 3.1.5 (/opt/ros/humble/share/rosidl_generator_cpp/cmake)\n'}
[0.276697] (turtle_interfaces) StdoutLine: {'line': b'-- Using all available rosidl_typesupport_c: rosidl_typesupport_fastrtps_c;rosidl_typesupport_introspection_c\n'}
[0.291732] (turtle_interfaces) StdoutLine: {'line': b'-- Using all available rosidl_typesupport_cpp: rosidl_typesupport_fastrtps_cpp;rosidl_typesupport_introspection_cpp\n'}
[0.300512] (-) TimerEvent: {}
[0.381328] (turtle_interfaces) StdoutLine: {'line': b'-- Found rosidl_default_generators: 1.2.0 (/opt/ros/humble/share/rosidl_default_generators/cmake)\n'}
[0.400982] (-) TimerEvent: {}
[0.501344] (-) TimerEvent: {}
[0.601824] (-) TimerEvent: {}
[0.702416] (-) TimerEvent: {}
[0.803246] (-) TimerEvent: {}
[0.881572] (turtle_interfaces) StdoutLine: {'line': b'-- Found ament_cmake_ros: 0.10.0 (/opt/ros/humble/share/ament_cmake_ros/cmake)\n'}
[0.903478] (-) TimerEvent: {}
[1.004195] (-) TimerEvent: {}
[1.104792] (-) TimerEvent: {}
[1.205426] (-) TimerEvent: {}
[1.305961] (-) TimerEvent: {}
[1.361283] (turtle_interfaces) StdoutLine: {'line': b'-- Using all available rosidl_typesupport_c: rosidl_typesupport_fastrtps_c;rosidl_typesupport_introspection_c\n'}
[1.406401] (-) TimerEvent: {}
[1.506871] (-) TimerEvent: {}
[1.552361] (turtle_interfaces) StdoutLine: {'line': b'-- Using all available rosidl_typesupport_cpp: rosidl_typesupport_fastrtps_cpp;rosidl_typesupport_introspection_cpp\n'}
[1.582556] (turtle_interfaces) StdoutLine: {'line': b'-- Found python_cmake_module: 0.10.0 (/opt/ros/humble/share/python_cmake_module/cmake)\n'}
[1.607451] (-) TimerEvent: {}
[1.611966] (turtle_interfaces) StdoutLine: {'line': b'-- Using PYTHON_EXECUTABLE: /usr/bin/python3\n'}
[1.612130] (turtle_interfaces) StdoutLine: {'line': b'-- Using PYTHON_INCLUDE_DIRS: /usr/include/python3.10\n'}
[1.612196] (turtle_interfaces) StdoutLine: {'line': b'-- Using PYTHON_LIBRARIES: /usr/lib/x86_64-linux-gnu/libpython3.10.so\n'}
[1.707897] (-) TimerEvent: {}
[1.720621] (turtle_interfaces) StdoutLine: {'line': b'-- Found ament_lint_auto: 0.12.10 (/opt/ros/humble/share/ament_lint_auto/cmake)\n'}
[1.733888] (turtle_interfaces) StdoutLine: {'line': b"-- Added test 'lint_cmake' to check CMake code style\n"}
[1.735256] (turtle_interfaces) StdoutLine: {'line': b"-- Added test 'xmllint' to check XML markup files\n"}
[1.737482] (turtle_interfaces) StdoutLine: {'line': b'-- Configuring done\n'}
[1.799921] (turtle_interfaces) StdoutLine: {'line': b'-- Generating done\n'}
[1.804542] (turtle_interfaces) StdoutLine: {'line': b'-- Build files have been written to: /home/yahboom/Desktop/team_repo/Lab3/wallaa2/roscourse_ws/build/turtle_interfaces\n'}
[1.808350] (-) TimerEvent: {}
[1.859889] (turtle_interfaces) StdoutLine: {'line': b'[  1%] \x1b[34m\x1b[1mGenerating C code for ROS interfaces\x1b[0m\n'}
[1.887020] (turtle_interfaces) StdoutLine: {'line': b'[  3%] \x1b[34m\x1b[1mGenerating C++ code for ROS interfaces\x1b[0m\n'}
[1.908669] (-) TimerEvent: {}
[1.910203] (turtle_interfaces) StdoutLine: {'line': b'[  3%] Built target ament_cmake_python_copy_turtle_interfaces\n'}
[2.008914] (-) TimerEvent: {}
[2.109769] (-) TimerEvent: {}
[2.210314] (-) TimerEvent: {}
[2.235638] (turtle_interfaces) StdoutLine: {'line': b'running egg_info\n'}
[2.236149] (turtle_interfaces) StdoutLine: {'line': b'writing turtle_interfaces.egg-info/PKG-INFO\n'}
[2.237200] (turtle_interfaces) StdoutLine: {'line': b'writing dependency_links to turtle_interfaces.egg-info/dependency_links.txt\n'}
[2.237576] (turtle_interfaces) StdoutLine: {'line': b'writing top-level names to turtle_interfaces.egg-info/top_level.txt\n'}
[2.240031] (turtle_interfaces) StdoutLine: {'line': b"reading manifest file 'turtle_interfaces.egg-info/SOURCES.txt'\n"}
[2.240619] (turtle_interfaces) StdoutLine: {'line': b"writing manifest file 'turtle_interfaces.egg-info/SOURCES.txt'\n"}
[2.283858] (turtle_interfaces) StdoutLine: {'line': b'[  3%] Built target ament_cmake_python_build_turtle_interfaces_egg\n'}
[2.310857] (-) TimerEvent: {}
[2.411621] (-) TimerEvent: {}
[2.512520] (-) TimerEvent: {}
[2.538586] (turtle_interfaces) StdoutLine: {'line': b'[  3%] Built target turtle_interfaces__cpp\n'}
[2.539588] (turtle_interfaces) StdoutLine: {'line': b'\x1b[35m\x1b[1mConsolidate compiler generated dependencies of target turtle_interfaces__rosidl_generator_c\x1b[0m\n'}
[2.564937] (turtle_interfaces) StdoutLine: {'line': b'[  9%] \x1b[34m\x1b[1mGenerating C++ introspection for ROS interfaces\x1b[0m\n'}
[2.565228] (turtle_interfaces) StdoutLine: {'line': b'[  9%] \x1b[34m\x1b[1mGenerating C++ type support dispatch for ROS interfaces\x1b[0m\n'}
[2.565386] (turtle_interfaces) StdoutLine: {'line': b'[  9%] \x1b[34m\x1b[1mGenerating C++ type support for eProsima Fast-RTPS\x1b[0m\n'}
[2.565561] (turtle_interfaces) StdoutLine: {'line': b'[ 10%] \x1b[32mBuilding C object CMakeFiles/turtle_interfaces__rosidl_generator_c.dir/rosidl_generator_c/turtle_interfaces/msg/detail/turtle_msg__functions.c.o\x1b[0m\n'}
[2.612897] (-) TimerEvent: {}
[2.649118] (turtle_interfaces) StdoutLine: {'line': b'[ 12%] \x1b[32mBuilding C object CMakeFiles/turtle_interfaces__rosidl_generator_c.dir/rosidl_generator_c/turtle_interfaces/srv/detail/set_pose__functions.c.o\x1b[0m\n'}
[2.713352] (-) TimerEvent: {}
[2.738041] (turtle_interfaces) StdoutLine: {'line': b'[ 14%] \x1b[32mBuilding C object CMakeFiles/turtle_interfaces__rosidl_generator_c.dir/rosidl_generator_c/turtle_interfaces/srv/detail/set_color__functions.c.o\x1b[0m\n'}
[2.813762] (-) TimerEvent: {}
[2.829116] (turtle_interfaces) StdoutLine: {'line': b'[ 16%] \x1b[32mBuilding C object CMakeFiles/turtle_interfaces__rosidl_generator_c.dir/rosidl_generator_c/turtle_interfaces/action/detail/turtle_to_goals__functions.c.o\x1b[0m\n'}
[2.914344] (-) TimerEvent: {}
[2.983561] (turtle_interfaces) StdoutLine: {'line': b'\x1b[35m\x1b[1mConsolidate compiler generated dependencies of target turtle_interfaces__rosidl_typesupport_cpp\x1b[0m\n'}
[2.986210] (turtle_interfaces) StdoutLine: {'line': b'[ 18%] \x1b[32m\x1b[1mLinking C shared library libturtle_interfaces__rosidl_generator_c.so\x1b[0m\n'}
[3.014932] (-) TimerEvent: {}
[3.015492] (turtle_interfaces) StdoutLine: {'line': b'[ 20%] \x1b[32mBuilding CXX object CMakeFiles/turtle_interfaces__rosidl_typesupport_cpp.dir/rosidl_typesupport_cpp/turtle_interfaces/msg/turtle_msg__type_support.cpp.o\x1b[0m\n'}
[3.073169] (turtle_interfaces) StdoutLine: {'line': b'[ 20%] Built target turtle_interfaces__rosidl_generator_c\n'}
[3.100967] (turtle_interfaces) StdoutLine: {'line': b'[ 21%] \x1b[34m\x1b[1mGenerating C type support for eProsima Fast-RTPS\x1b[0m\n'}
[3.115312] (-) TimerEvent: {}
[3.139421] (turtle_interfaces) StdoutLine: {'line': b'\x1b[35m\x1b[1mConsolidate compiler generated dependencies of target turtle_interfaces__rosidl_typesupport_introspection_cpp\x1b[0m\n'}
[3.176799] (turtle_interfaces) StdoutLine: {'line': b'[ 23%] \x1b[32mBuilding CXX object CMakeFiles/turtle_interfaces__rosidl_typesupport_introspection_cpp.dir/rosidl_typesupport_introspection_cpp/turtle_interfaces/msg/detail/turtle_msg__type_support.cpp.o\x1b[0m\n'}
[3.212551] (turtle_interfaces) StdoutLine: {'line': b'\x1b[35m\x1b[1mConsolidate compiler generated dependencies of target turtle_interfaces__rosidl_typesupport_fastrtps_cpp\x1b[0m\n'}
[3.215593] (-) TimerEvent: {}
[3.258817] (turtle_interfaces) StdoutLine: {'line': b'[ 25%] \x1b[32mBuilding CXX object CMakeFiles/turtle_interfaces__rosidl_typesupport_fastrtps_cpp.dir/rosidl_typesupport_fastrtps_cpp/turtle_interfaces/msg/detail/dds_fastrtps/turtle_msg__type_support.cpp.o\x1b[0m\n'}
[3.316241] (-) TimerEvent: {}
[3.316858] (turtle_interfaces) StdoutLine: {'line': b'[ 27%] \x1b[32mBuilding CXX object CMakeFiles/turtle_interfaces__rosidl_typesupport_cpp.dir/rosidl_typesupport_cpp/turtle_interfaces/srv/set_pose__type_support.cpp.o\x1b[0m\n'}
[3.416789] (-) TimerEvent: {}
[3.517445] (-) TimerEvent: {}
[3.579706] (turtle_interfaces) StdoutLine: {'line': b'[ 29%] \x1b[32mBuilding CXX object CMakeFiles/turtle_interfaces__rosidl_typesupport_introspection_cpp.dir/rosidl_typesupport_introspection_cpp/turtle_interfaces/srv/detail/set_pose__type_support.cpp.o\x1b[0m\n'}
[3.606676] (turtle_interfaces) StdoutLine: {'line': b'[ 30%] \x1b[32mBuilding CXX object CMakeFiles/turtle_interfaces__rosidl_typesupport_cpp.dir/rosidl_typesupport_cpp/turtle_interfaces/srv/set_color__type_support.cpp.o\x1b[0m\n'}
[3.617954] (-) TimerEvent: {}
[3.672442] (turtle_interfaces) StdoutLine: {'line': b'[ 32%] \x1b[32mBuilding CXX object CMakeFiles/turtle_interfaces__rosidl_typesupport_fastrtps_cpp.dir/rosidl_typesupport_fastrtps_cpp/turtle_interfaces/srv/detail/dds_fastrtps/set_pose__type_support.cpp.o\x1b[0m\n'}
[3.718290] (-) TimerEvent: {}
[3.756188] (turtle_interfaces) StdoutLine: {'line': b'\x1b[35m\x1b[1mConsolidate compiler generated dependencies of target turtle_interfaces__rosidl_typesupport_fastrtps_c\x1b[0m\n'}
[3.798944] (turtle_interfaces) StdoutLine: {'line': b'[ 34%] \x1b[32mBuilding CXX object CMakeFiles/turtle_interfaces__rosidl_typesupport_fastrtps_c.dir/rosidl_typesupport_fastrtps_c/turtle_interfaces/msg/detail/turtle_msg__type_support_c.cpp.o\x1b[0m\n'}
[3.818574] (-) TimerEvent: {}
[3.888288] (turtle_interfaces) StdoutLine: {'line': b'[ 36%] \x1b[32mBuilding CXX object CMakeFiles/turtle_interfaces__rosidl_typesupport_cpp.dir/rosidl_typesupport_cpp/turtle_interfaces/action/turtle_to_goals__type_support.cpp.o\x1b[0m\n'}
[3.919094] (-) TimerEvent: {}
[3.972949] (turtle_interfaces) StdoutLine: {'line': b'[ 38%] \x1b[32mBuilding CXX object CMakeFiles/turtle_interfaces__rosidl_typesupport_introspection_cpp.dir/rosidl_typesupport_introspection_cpp/turtle_interfaces/srv/detail/set_color__type_support.cpp.o\x1b[0m\n'}
[4.019449] (-) TimerEvent: {}
[4.104442] (turtle_interfaces) StdoutLine: {'line': b'[ 40%] \x1b[32mBuilding CXX object CMakeFiles/turtle_interfaces__rosidl_typesupport_fastrtps_cpp.dir/rosidl_typesupport_fastrtps_cpp/turtle_interfaces/srv/detail/dds_fastrtps/set_color__type_support.cpp.o\x1b[0m\n'}
[4.119861] (-) TimerEvent: {}
[4.169980] (turtle_interfaces) StdoutLine: {'line': b'[ 41%] \x1b[32mBuilding CXX object CMakeFiles/turtle_interfaces__rosidl_typesupport_fastrtps_c.dir/rosidl_typesupport_fastrtps_c/turtle_interfaces/srv/detail/set_pose__type_support_c.cpp.o\x1b[0m\n'}
[4.220206] (-) TimerEvent: {}
[4.320695] (-) TimerEvent: {}
[4.365152] (turtle_interfaces) StdoutLine: {'line': b'[ 43%] \x1b[32mBuilding CXX object CMakeFiles/turtle_interfaces__rosidl_typesupport_introspection_cpp.dir/rosidl_typesupport_introspection_cpp/turtle_interfaces/action/detail/turtle_to_goals__type_support.cpp.o\x1b[0m\n'}
[4.392239] (turtle_interfaces) StdoutLine: {'line': b'[ 45%] \x1b[32m\x1b[1mLinking CXX shared library libturtle_interfaces__rosidl_typesupport_cpp.so\x1b[0m\n'}
[4.421168] (-) TimerEvent: {}
[4.490302] (turtle_interfaces) StdoutLine: {'line': b'[ 45%] Built target turtle_interfaces__rosidl_typesupport_cpp\n'}
[4.521675] (-) TimerEvent: {}
[4.522466] (turtle_interfaces) StdoutLine: {'line': b'[ 47%] \x1b[34m\x1b[1mGenerating C introspection for ROS interfaces\x1b[0m\n'}
[4.532508] (turtle_interfaces) StdoutLine: {'line': b'[ 49%] \x1b[32mBuilding CXX object CMakeFiles/turtle_interfaces__rosidl_typesupport_fastrtps_cpp.dir/rosidl_typesupport_fastrtps_cpp/turtle_interfaces/action/detail/dds_fastrtps/turtle_to_goals__type_support.cpp.o\x1b[0m\n'}
[4.560088] (turtle_interfaces) StdoutLine: {'line': b'[ 50%] \x1b[32mBuilding CXX object CMakeFiles/turtle_interfaces__rosidl_typesupport_fastrtps_c.dir/rosidl_typesupport_fastrtps_c/turtle_interfaces/srv/detail/set_color__type_support_c.cpp.o\x1b[0m\n'}
[4.622754] (-) TimerEvent: {}
[4.723547] (-) TimerEvent: {}
[4.824312] (-) TimerEvent: {}
[4.924840] (-) TimerEvent: {}
[4.951883] (turtle_interfaces) StdoutLine: {'line': b'[ 52%] \x1b[32mBuilding CXX object CMakeFiles/turtle_interfaces__rosidl_typesupport_fastrtps_c.dir/rosidl_typesupport_fastrtps_c/turtle_interfaces/action/detail/turtle_to_goals__type_support_c.cpp.o\x1b[0m\n'}
[4.992309] (turtle_interfaces) StdoutLine: {'line': b'[ 54%] \x1b[32m\x1b[1mLinking CXX shared library libturtle_interfaces__rosidl_typesupport_introspection_cpp.so\x1b[0m\n'}
[5.025393] (-) TimerEvent: {}
[5.115743] (turtle_interfaces) StdoutLine: {'line': b'[ 54%] Built target turtle_interfaces__rosidl_typesupport_introspection_cpp\n'}
[5.123075] (turtle_interfaces) StdoutLine: {'line': b'\x1b[35m\x1b[1mConsolidate compiler generated dependencies of target turtle_interfaces__rosidl_typesupport_introspection_c\x1b[0m\n'}
[5.125623] (-) TimerEvent: {}
[5.146723] (turtle_interfaces) StdoutLine: {'line': b'[ 56%] \x1b[34m\x1b[1mGenerating C type support dispatch for ROS interfaces\x1b[0m\n'}
[5.148959] (turtle_interfaces) StdoutLine: {'line': b'[ 58%] \x1b[32m\x1b[1mLinking CXX shared library libturtle_interfaces__rosidl_typesupport_fastrtps_cpp.so\x1b[0m\n'}
[5.154335] (turtle_interfaces) StdoutLine: {'line': b'[ 60%] \x1b[32mBuilding C object CMakeFiles/turtle_interfaces__rosidl_typesupport_introspection_c.dir/rosidl_typesupport_introspection_c/turtle_interfaces/msg/detail/turtle_msg__type_support.c.o\x1b[0m\n'}
[5.226325] (turtle_interfaces) StdoutLine: {'line': b'[ 61%] \x1b[32mBuilding C object CMakeFiles/turtle_interfaces__rosidl_typesupport_introspection_c.dir/rosidl_typesupport_introspection_c/turtle_interfaces/srv/detail/set_pose__type_support.c.o\x1b[0m\n'}
[5.226538] (-) TimerEvent: {}
[5.284742] (turtle_interfaces) StdoutLine: {'line': b'[ 61%] Built target turtle_interfaces__rosidl_typesupport_fastrtps_cpp\n'}
[5.301725] (turtle_interfaces) StdoutLine: {'line': b'[ 63%] \x1b[32mBuilding C object CMakeFiles/turtle_interfaces__rosidl_typesupport_introspection_c.dir/rosidl_typesupport_introspection_c/turtle_interfaces/srv/detail/set_color__type_support.c.o\x1b[0m\n'}
[5.312854] (turtle_interfaces) StdoutLine: {'line': b'[ 65%] \x1b[32mBuilding C object CMakeFiles/turtle_interfaces__rosidl_typesupport_introspection_c.dir/rosidl_typesupport_introspection_c/turtle_interfaces/action/detail/turtle_to_goals__type_support.c.o\x1b[0m\n'}
[5.326870] (-) TimerEvent: {}
[5.382831] (turtle_interfaces) StdoutLine: {'line': b'[ 67%] \x1b[32m\x1b[1mLinking CXX shared library libturtle_interfaces__rosidl_typesupport_fastrtps_c.so\x1b[0m\n'}
[5.411396] (turtle_interfaces) StdoutLine: {'line': b'[ 69%] \x1b[32m\x1b[1mLinking C shared library libturtle_interfaces__rosidl_typesupport_introspection_c.so\x1b[0m\n'}
[5.427151] (-) TimerEvent: {}
[5.493928] (turtle_interfaces) StdoutLine: {'line': b'[ 69%] Built target turtle_interfaces__rosidl_typesupport_introspection_c\n'}
[5.516765] (turtle_interfaces) StdoutLine: {'line': b'[ 69%] Built target turtle_interfaces__rosidl_typesupport_fastrtps_c\n'}
[5.527285] (-) TimerEvent: {}
[5.537835] (turtle_interfaces) StdoutLine: {'line': b'\x1b[35m\x1b[1mConsolidate compiler generated dependencies of target turtle_interfaces__rosidl_typesupport_c\x1b[0m\n'}
[5.565877] (turtle_interfaces) StdoutLine: {'line': b'[ 76%] \x1b[32mBuilding CXX object CMakeFiles/turtle_interfaces__rosidl_typesupport_c.dir/rosidl_typesupport_c/turtle_interfaces/srv/set_color__type_support.cpp.o\x1b[0m\n'}
[5.566124] (turtle_interfaces) StdoutLine: {'line': b'[ 76%] \x1b[32mBuilding CXX object CMakeFiles/turtle_interfaces__rosidl_typesupport_c.dir/rosidl_typesupport_c/turtle_interfaces/srv/set_pose__type_support.cpp.o\x1b[0m\n'}
[5.566210] (turtle_interfaces) StdoutLine: {'line': b'[ 76%] \x1b[32mBuilding CXX object CMakeFiles/turtle_interfaces__rosidl_typesupport_c.dir/rosidl_typesupport_c/turtle_interfaces/action/turtle_to_goals__type_support.cpp.o\x1b[0m\n'}
[5.566425] (turtle_interfaces) StdoutLine: {'line': b'[ 76%] \x1b[32mBuilding CXX object CMakeFiles/turtle_interfaces__rosidl_typesupport_c.dir/rosidl_typesupport_c/turtle_interfaces/msg/turtle_msg__type_support.cpp.o\x1b[0m\n'}
[5.627539] (-) TimerEvent: {}
[5.651124] (turtle_interfaces) StdoutLine: {'line': b'[ 78%] \x1b[32m\x1b[1mLinking CXX shared library libturtle_interfaces__rosidl_typesupport_c.so\x1b[0m\n'}
[5.724009] (turtle_interfaces) StdoutLine: {'line': b'[ 78%] Built target turtle_interfaces__rosidl_typesupport_c\n'}
[5.728170] (-) TimerEvent: {}
[5.774751] (turtle_interfaces) StdoutLine: {'line': b'[ 78%] Built target turtle_interfaces\n'}
[5.826892] (turtle_interfaces) StdoutLine: {'line': b'[ 80%] \x1b[34m\x1b[1mGenerating Python code for ROS interfaces\x1b[0m\n'}
[5.828798] (-) TimerEvent: {}
[5.929481] (-) TimerEvent: {}
[6.030103] (-) TimerEvent: {}
[6.130745] (-) TimerEvent: {}
[6.231430] (-) TimerEvent: {}
[6.332221] (-) TimerEvent: {}
[6.433021] (-) TimerEvent: {}
[6.533719] (-) TimerEvent: {}
[6.634237] (-) TimerEvent: {}
[6.670113] (turtle_interfaces) StdoutLine: {'line': b'[ 80%] Built target turtle_interfaces__py\n'}
[6.697024] (turtle_interfaces) StdoutLine: {'line': b'\x1b[35m\x1b[1mConsolidate compiler generated dependencies of target turtle_interfaces__rosidl_generator_py\x1b[0m\n'}
[6.727895] (turtle_interfaces) StdoutLine: {'line': b'[ 87%] \x1b[32mBuilding C object CMakeFiles/turtle_interfaces__rosidl_generator_py.dir/rosidl_generator_py/turtle_interfaces/srv/_set_color_s.c.o\x1b[0m\n'}
[6.728110] (turtle_interfaces) StdoutLine: {'line': b'[ 87%] \x1b[32mBuilding C object CMakeFiles/turtle_interfaces__rosidl_generator_py.dir/rosidl_generator_py/turtle_interfaces/action/_turtle_to_goals_s.c.o\x1b[0m\n'}
[6.728273] (turtle_interfaces) StdoutLine: {'line': b'[ 87%] \x1b[32mBuilding C object CMakeFiles/turtle_interfaces__rosidl_generator_py.dir/rosidl_generator_py/turtle_interfaces/msg/_turtle_msg_s.c.o\x1b[0m\n'}
[6.728453] (turtle_interfaces) StdoutLine: {'line': b'[ 87%] \x1b[32mBuilding C object CMakeFiles/turtle_interfaces__rosidl_generator_py.dir/rosidl_generator_py/turtle_interfaces/srv/_set_pose_s.c.o\x1b[0m\n'}
[6.734645] (-) TimerEvent: {}
[6.835344] (-) TimerEvent: {}
[6.914029] (turtle_interfaces) StdoutLine: {'line': b'[ 89%] \x1b[32m\x1b[1mLinking C shared library rosidl_generator_py/turtle_interfaces/libturtle_interfaces__rosidl_generator_py.so\x1b[0m\n'}
[6.935895] (-) TimerEvent: {}
[6.990075] (turtle_interfaces) StdoutLine: {'line': b'[ 89%] Built target turtle_interfaces__rosidl_generator_py\n'}
[7.016146] (turtle_interfaces) StdoutLine: {'line': b'\x1b[35m\x1b[1mConsolidate compiler generated dependencies of target turtle_interfaces__rosidl_typesupport_fastrtps_c__pyext\x1b[0m\n'}
[7.016374] (turtle_interfaces) StdoutLine: {'line': b'\x1b[35m\x1b[1mConsolidate compiler generated dependencies of target turtle_interfaces__rosidl_typesupport_c__pyext\x1b[0m\n'}
[7.016445] (turtle_interfaces) StdoutLine: {'line': b'\x1b[35m\x1b[1mConsolidate compiler generated dependencies of target turtle_interfaces__rosidl_typesupport_introspection_c__pyext\x1b[0m\n'}
[7.036880] (-) TimerEvent: {}
[7.047771] (turtle_interfaces) StdoutLine: {'line': b'[ 94%] \x1b[32mBuilding C object CMakeFiles/turtle_interfaces__rosidl_typesupport_introspection_c__pyext.dir/rosidl_generator_py/turtle_interfaces/_turtle_interfaces_s.ep.rosidl_typesupport_introspection_c.c.o\x1b[0m\n'}
[7.048086] (turtle_interfaces) StdoutLine: {'line': b'[ 94%] \x1b[32mBuilding C object CMakeFiles/turtle_interfaces__rosidl_typesupport_fastrtps_c__pyext.dir/rosidl_generator_py/turtle_interfaces/_turtle_interfaces_s.ep.rosidl_typesupport_fastrtps_c.c.o\x1b[0m\n'}
[7.048226] (turtle_interfaces) StdoutLine: {'line': b'[ 94%] \x1b[32mBuilding C object CMakeFiles/turtle_interfaces__rosidl_typesupport_c__pyext.dir/rosidl_generator_py/turtle_interfaces/_turtle_interfaces_s.ep.rosidl_typesupport_c.c.o\x1b[0m\n'}
[7.137655] (-) TimerEvent: {}
[7.228386] (turtle_interfaces) StdoutLine: {'line': b'[100%] \x1b[32m\x1b[1mLinking C shared library rosidl_generator_py/turtle_interfaces/turtle_interfaces_s__rosidl_typesupport_fastrtps_c.cpython-310-x86_64-linux-gnu.so\x1b[0m\n'}
[7.228640] (turtle_interfaces) StdoutLine: {'line': b'[100%] \x1b[32m\x1b[1mLinking C shared library rosidl_generator_py/turtle_interfaces/turtle_interfaces_s__rosidl_typesupport_c.cpython-310-x86_64-linux-gnu.so\x1b[0m\n'}
[7.228727] (turtle_interfaces) StdoutLine: {'line': b'[100%] \x1b[32m\x1b[1mLinking C shared library rosidl_generator_py/turtle_interfaces/turtle_interfaces_s__rosidl_typesupport_introspection_c.cpython-310-x86_64-linux-gnu.so\x1b[0m\n'}
[7.238033] (-) TimerEvent: {}
[7.317512] (turtle_interfaces) StdoutLine: {'line': b'[100%] Built target turtle_interfaces__rosidl_typesupport_fastrtps_c__pyext\n'}
[7.317732] (turtle_interfaces) StdoutLine: {'line': b'[100%] Built target turtle_interfaces__rosidl_typesupport_c__pyext\n'}
[7.317798] (turtle_interfaces) StdoutLine: {'line': b'[100%] Built target turtle_interfaces__rosidl_typesupport_introspection_c__pyext\n'}
[7.338790] (-) TimerEvent: {}
[7.342861] (turtle_interfaces) CommandEnded: {'returncode': 0}
[7.439449] (-) TimerEvent: {}
[7.540079] (-) TimerEvent: {}
[7.640669] (-) TimerEvent: {}
[7.741536] (-) TimerEvent: {}
[7.802029] (turtle_interfaces) JobProgress: {'identifier': 'turtle_interfaces', 'progress': 'install'}
[7.821678] (turtle_interfaces) Command: {'cmd': ['/usr/bin/cmake', '--install', '/home/yahboom/Desktop/team_repo/Lab3/wallaa2/roscourse_ws/build/turtle_interfaces'], 'cwd': '/home/yahboom/Desktop/team_repo/Lab3/wallaa2/roscourse_ws/build/turtle_interfaces', 'env': OrderedDict([('LESSOPEN', '| /usr/bin/lesspipe %s'), ('USER', 'yahboom'), ('LC_TIME', 'en_US.UTF-8'), ('XDG_SESSION_TYPE', 'wayland'), ('SHLVL', '1'), ('LD_LIBRARY_PATH', '/home/yahboom/Desktop/team_repo/Lab3/wallaa2/roscourse_ws/install/turtle_interfaces/lib:/home/yahboom/cartoros2/install/yahboom_web_savmap_interfaces/lib:/home/yahboom/cartoros2/install/yahboom_msgs/lib:/home/yahboom/cartoros2/install/yahboom_color_identify_interfaces/lib:/home/yahboom/cartoros2/install/yahboom_attitude_record_interfaces/lib:/home/yahboom/cartoros2/install/nav2_smoother/lib:/home/yahboom/cartoros2/install/nav2_graceful_controller/lib:/home/yahboom/cartoros2/install/nav2_controller/lib:/home/yahboom/cartoros2/install/dwb_plugins/lib:/home/yahboom/cartoros2/install/dwb_critics/lib:/home/yahboom/cartoros2/install/dwb_core/lib:/home/yahboom/cartoros2/install/nav_2d_utils/lib:/home/yahboom/cartoros2/install/dwb_msgs/lib:/home/yahboom/cartoros2/install/nav_2d_msgs/lib:/home/yahboom/cartoros2/install/nav2_waypoint_follower/lib:/home/yahboom/cartoros2/install/nav2_theta_star_planner/lib:/home/yahboom/cartoros2/install/nav2_smac_planner/lib:/home/yahboom/cartoros2/install/nav2_rotation_shim_controller/lib:/home/yahboom/cartoros2/install/nav2_regulated_pure_pursuit_controller/lib:/home/yahboom/cartoros2/install/nav2_planner/lib:/home/yahboom/cartoros2/install/nav2_navfn_planner/lib:/home/yahboom/cartoros2/install/nav2_mppi_controller/lib:/home/yahboom/cartoros2/install/nav2_constrained_smoother/lib:/home/yahboom/cartoros2/install/nav2_bt_navigator/lib:/home/yahboom/cartoros2/install/nav2_behaviors/lib:/home/yahboom/cartoros2/install/nav2_collision_monitor/lib:/home/yahboom/cartoros2/install/costmap_queue/lib:/home/yahboom/cartoros2/install/nav2_costmap_2d/lib:/home/yahboom/cartoros2/install/nav2_voxel_grid/lib:/home/yahboom/cartoros2/install/nav2_velocity_smoother/lib:/home/yahboom/cartoros2/install/nav2_rviz_plugins/lib:/home/yahboom/cartoros2/install/nav2_map_server/lib:/home/yahboom/cartoros2/install/nav2_lifecycle_manager/lib:/home/yahboom/cartoros2/install/nav2_behavior_tree/lib:/home/yahboom/cartoros2/install/nav2_amcl/lib:/home/yahboom/cartoros2/install/nav2_util/lib:/home/yahboom/cartoros2/install/nav2_msgs/lib:/home/yahboom/cartoros2/install/image_color_lab/lib:/home/yahboom/cartoros2/install/dynamixel_sdk_custom_interfaces/lib:/home/yahboom/cartoros2/install/dynamixel_sdk/lib:/home/yahboom/cartoros2/install/csm/lib:/home/yahboom/cartoros2/install/champ_msgs/lib:/home/yahboom/cartoros2/install/cartographer_ros_msgs/lib:/home/yahboom/yahboomcar_ws/install/yahboom_dog_msgs/lib:/home/yahboom/yahboomcar_ws/install/dynamixel_sdk_custom_interfaces/lib:/home/yahboom/yahboomcar_ws/install/dynamixel_sdk/lib:/home/yahboom/yahboomcar_ws/install/champ_msgs/lib:/home/yahboom/gmapping_ws/install/openslam_gmapping/lib:/usr/lib/x86_64-linux-gnu/gazebo-11/plugins:/opt/ros/humble/opt/rviz_ogre_vendor/lib:/opt/ros/humble/lib/x86_64-linux-gnu:/opt/ros/humble/lib:/opt/ros/humble/include/std_msgs/std_msgs/msg/:/usr/lib/jvm/java-11-openjdk-amd64/lib/:/usr/lib/jvm/java-11-openjdk-amd64/lib/server/:'), ('HOME', '/home/yahboom'), ('OLDPWD', '/home/yahboom/Desktop/team_repo/Lab3/wallaa2/roscourse_ws/src/turtle_interfaces'), ('DESKTOP_SESSION', 'ubuntu'), ('ROS_PYTHON_VERSION', '3'), ('GNOME_SHELL_SESSION_MODE', 'ubuntu'), ('GTK_MODULES', 'gail:atk-bridge'), ('LC_MONETARY', 'en_US.UTF-8'), ('MANAGERPID', '1106'), ('SYSTEMD_EXEC_PID', '1566'), ('DBUS_SESSION_BUS_ADDRESS', 'unix:path=/run/user/1000/bus'), ('COLORTERM', 'truecolor'), ('TERMINATOR_DBUS_NAME', 'net.tenshu.Terminator25ef4b219e3b005583550f2b0f9f990c3'), ('GIO_LAUNCHED_DESKTOP_FILE_PID', '67413'), ('IM_CONFIG_PHASE', '1'), ('WAYLAND_DISPLAY', 'wayland-0'), ('COLCON_PREFIX_PATH', '/home/yahboom/Desktop/team_repo/Lab3/wallaa2/roscourse_ws/install:/home/yahboom/yahboomcar_ws/install:/home/yahboom/gmapping_ws/install:/home/yahboom/cartoros2/install'), ('ROS_DISTRO', 'humble'), ('LOGNAME', 'yahboom'), ('JOURNAL_STREAM', '8:35619'), ('_', '/usr/bin/colcon'), ('ROS_VERSION', '2'), ('PKG_CONFIG_PATH', '/home/yahboom/cartoros2/install/cartographer/lib/x86_64-linux-gnu/pkgconfig:/home/yahboom/cartoros2/install/cartographer/lib/pkgconfig'), ('XDG_SESSION_CLASS', 'user'), ('USERNAME', 'yahboom'), ('TERM', 'xterm-256color'), ('GNOME_DESKTOP_SESSION_ID', 'this-is-deprecated'), ('ROS_LOCALHOST_ONLY', '0'), ('PATH', '/home/yahboom/cartoros2/install/cartographer/bin:/opt/ros/humble/bin:/usr/local/sbin:/usr/local/bin:/usr/sbin:/usr/bin:/sbin:/bin:/usr/games:/usr/local/games:/snap/bin:/snap/bin'), ('SESSION_MANAGER', 'local/yahboom-virtual-machine:@/tmp/.ICE-unix/1221,unix/yahboom-virtual-machine:/tmp/.ICE-unix/1221'), ('INVOCATION_ID', 'd9b36e616ed9427aae21faf0b552ec02'), ('PAPERSIZE', 'letter'), ('XDG_MENU_PREFIX', 'gnome-'), ('LC_ADDRESS', 'en_US.UTF-8'), ('GNOME_SETUP_DISPLAY', ':1'), ('XDG_RUNTIME_DIR', '/run/user/1000'), ('DISPLAY', ':0'), ('TERMINATOR_DBUS_PATH', '/net/tenshu/Terminator2'), ('LANG', 'en_US.UTF-8'), ('XDG_CURRENT_DESKTOP', 'ubuntu:GNOME'), ('IBUS_DISABLE_SNOOPER', '1'), ('LC_TELEPHONE', 'en_US.UTF-8'), ('XMODIFIERS', '@im=ibus'), ('XDG_SESSION_DESKTOP', 'ubuntu'), ('XAUTHORITY', '/run/user/1000/.mutter-Xwaylandauth.NCY5K3'), ('LS_COLORS', 'rs=0:di=01;34:ln=01;36:mh=00:pi=40;33:so=01;35:do=01;35:bd=40;33;01:cd=40;33;01:or=40;31;01:mi=00:su=37;41:sg=30;43:ca=30;41:tw=30;42:ow=34;42:st=37;44:ex=01;32:*.tar=01;31:*.tgz=01;31:*.arc=01;31:*.arj=01;31:*.taz=01;31:*.lha=01;31:*.lz4=01;31:*.lzh=01;31:*.lzma=01;31:*.tlz=01;31:*.txz=01;31:*.tzo=01;31:*.t7z=01;31:*.zip=01;31:*.z=01;31:*.dz=01;31:*.gz=01;31:*.lrz=01;31:*.lz=01;31:*.lzo=01;31:*.xz=01;31:*.zst=01;31:*.tzst=01;31:*.bz2=01;31:*.bz=01;31:*.tbz=01;31:*.tbz2=01;31:*.tz=01;31:*.deb=01;31:*.rpm=01;31:*.jar=01;31:*.war=01;31:*.ear=01;31:*.sar=01;31:*.rar=01;31:*.alz=01;31:*.ace=01;31:*.zoo=01;31:*.cpio=01;31:*.7z=01;31:*.rz=01;31:*.cab=01;31:*.wim=01;31:*.swm=01;31:*.dwm=01;31:*.esd=01;31:*.jpg=01;35:*.jpeg=01;35:*.mjpg=01;35:*.mjpeg=01;35:*.gif=01;35:*.bmp=01;35:*.pbm=01;35:*.pgm=01;35:*.ppm=01;35:*.tga=01;35:*.xbm=01;35:*.xpm=01;35:*.tif=01;35:*.tiff=01;35:*.png=01;35:*.svg=01;35:*.svgz=01;35:*.mng=01;35:*.pcx=01;35:*.mov=01;35:*.mpg=01;35:*.mpeg=01;35:*.m2v=01;35:*.mkv=01;35:*.webm=01;35:*.webp=01;35:*.ogm=01;35:*.mp4=01;35:*.m4v=01;35:*.mp4v=01;35:*.vob=01;35:*.qt=01;35:*.nuv=01;35:*.wmv=01;35:*.asf=01;35:*.rm=01;35:*.rmvb=01;35:*.flc=01;35:*.avi=01;35:*.fli=01;35:*.flv=01;35:*.gl=01;35:*.dl=01;35:*.xcf=01;35:*.xwd=01;35:*.yuv=01;35:*.cgm=01;35:*.emf=01;35:*.ogv=01;35:*.ogx=01;35:*.aac=00;36:*.au=00;36:*.flac=00;36:*.m4a=00;36:*.mid=00;36:*.midi=00;36:*.mka=00;36:*.mp3=00;36:*.mpc=00;36:*.ogg=00;36:*.ra=00;36:*.wav=00;36:*.oga=00;36:*.opus=00;36:*.spx=00;36:*.xspf=00;36:'), ('SSH_AGENT_LAUNCHER', 'gnome-keyring'), ('SSH_AUTH_SOCK', '/run/user/1000/keyring/ssh'), ('ROS_DOMAIN_ID', '12'), ('AMENT_PREFIX_PATH', '/home/yahboom/Desktop/team_repo/Lab3/wallaa2/roscourse_ws/install/webcam:/home/yahboom/Desktop/team_repo/Lab3/wallaa2/roscourse_ws/install/python_turtle:/home/yahboom/Desktop/team_repo/Lab3/wallaa2/roscourse_ws/install/turtle_interfaces:/home/yahboom/cartoros2/install/yahboomcar_nav:/home/yahboom/cartoros2/install/yahboomcar_ctrl:/home/yahboom/cartoros2/install/yahboom_web_savmap_interfaces:/home/yahboom/cartoros2/install/yahboom_visual:/home/yahboom/cartoros2/install/yahboom_qrcode:/home/yahboom/cartoros2/install/yahboom_point:/home/yahboom/cartoros2/install/yahboom_nav2_send_goal:/home/yahboom/cartoros2/install/yahboom_msgs:/home/yahboom/cartoros2/install/yahboom_dog_joint_state:/home/yahboom/cartoros2/install/yahboom_description:/home/yahboom/cartoros2/install/yahboom_config:/home/yahboom/cartoros2/install/yahboom_color_identify_server:/home/yahboom/cartoros2/install/yahboom_color_identify_interfaces:/home/yahboom/cartoros2/install/yahboom_bringup:/home/yahboom/cartoros2/install/yahboom_base:/home/yahboom/cartoros2/install/yahboom_attitude_record_interfaces:/home/yahboom/cartoros2/install/yahboom_app_save_map:/home/yahboom/cartoros2/install/update_map:/home/yahboom/cartoros2/install/turtlebot3_description:/home/yahboom/cartoros2/install/rosboard:/home/yahboom/cartoros2/install/robot_pose_publisher_ros2:/home/yahboom/cartoros2/install/rf2o_laser_odometry:/home/yahboom/cartoros2/install/path_planner_server:/home/yahboom/cartoros2/install/nav2_system_tests:/home/yahboom/cartoros2/install/nav2_bringup:/home/yahboom/cartoros2/install/navigation2:/home/yahboom/cartoros2/install/nav2_smoother:/home/yahboom/cartoros2/install/nav2_graceful_controller:/home/yahboom/cartoros2/install/nav2_dwb_controller:/home/yahboom/cartoros2/install/nav2_controller:/home/yahboom/cartoros2/install/dwb_plugins:/home/yahboom/cartoros2/install/dwb_critics:/home/yahboom/cartoros2/install/dwb_core:/home/yahboom/cartoros2/install/nav_2d_utils:/home/yahboom/cartoros2/install/dwb_msgs:/home/yahboom/cartoros2/install/nav_2d_msgs:/home/yahboom/cartoros2/install/nav2_waypoint_follower:/home/yahboom/cartoros2/install/nav2_theta_star_planner:/home/yahboom/cartoros2/install/nav2_smac_planner:/home/yahboom/cartoros2/install/nav2_rotation_shim_controller:/home/yahboom/cartoros2/install/nav2_regulated_pure_pursuit_controller:/home/yahboom/cartoros2/install/nav2_planner:/home/yahboom/cartoros2/install/nav2_navfn_planner:/home/yahboom/cartoros2/install/nav2_mppi_controller:/home/yahboom/cartoros2/install/nav2_constrained_smoother:/home/yahboom/cartoros2/install/nav2_bt_navigator:/home/yahboom/cartoros2/install/nav2_behaviors:/home/yahboom/cartoros2/install/nav2_core:/home/yahboom/cartoros2/install/nav2_collision_monitor:/home/yahboom/cartoros2/install/costmap_queue:/home/yahboom/cartoros2/install/nav2_costmap_2d:/home/yahboom/cartoros2/install/nav2_voxel_grid:/home/yahboom/cartoros2/install/nav2_velocity_smoother:/home/yahboom/cartoros2/install/nav2_rviz_plugins:/home/yahboom/cartoros2/install/nav2_map_server:/home/yahboom/cartoros2/install/nav2_lifecycle_manager:/home/yahboom/cartoros2/install/nav2_behavior_tree:/home/yahboom/cartoros2/install/nav2_amcl:/home/yahboom/cartoros2/install/nav2_util:/home/yahboom/cartoros2/install/nav2_simple_commander:/home/yahboom/cartoros2/install/nav2_msgs:/home/yahboom/cartoros2/install/nav2_gazebo_spawner:/home/yahboom/cartoros2/install/nav2_common:/home/yahboom/cartoros2/install/localization_server:/home/yahboom/cartoros2/install/laserscan_to_point_pulisher:/home/yahboom/cartoros2/install/image_color_lab:/home/yahboom/cartoros2/install/dynamixel_sdk_examples:/home/yahboom/cartoros2/install/dynamixel_sdk_custom_interfaces:/home/yahboom/cartoros2/install/dynamixel_sdk:/home/yahboom/cartoros2/install/csm:/home/yahboom/cartoros2/install/champ_msgs:/home/yahboom/cartoros2/install/champ_bringup:/home/yahboom/cartoros2/install/champ:/home/yahboom/cartoros2/install/cartographer_ros_msgs:/home/yahboom/yahboomcar_ws/install/yahboom_navigation2:/home/yahboom/yahboomcar_ws/install/yahboom_dog_node:/home/yahboom/yahboomcar_ws/install/yahboom_dog_navigation2:/home/yahboom/yahboomcar_ws/install/yahboom_dog_nav:/home/yahboom/yahboomcar_ws/install/yahboom_dog_msgs:/home/yahboom/yahboomcar_ws/install/yahboom_dog_example:/home/yahboom/yahboomcar_ws/install/yahboom_dog_cartographer:/home/yahboom/yahboomcar_ws/install/yahboom_dog:/home/yahboom/yahboomcar_ws/install/yahboom_dog_bringup:/home/yahboom/yahboomcar_ws/install/dynamixel_sdk_examples:/home/yahboom/yahboomcar_ws/install/dynamixel_sdk_custom_interfaces:/home/yahboom/yahboomcar_ws/install/dynamixel_sdk:/home/yahboom/yahboomcar_ws/install/champ_navigation:/home/yahboom/yahboomcar_ws/install/champ_msgs:/home/yahboom/yahboomcar_ws/install/champ_bringup:/home/yahboom/yahboomcar_ws/install/champ_description:/home/yahboom/yahboomcar_ws/install/champ_config:/home/yahboom/yahboomcar_ws/install/champ:/home/yahboom/gmapping_ws/install/slam_gmapping:/home/yahboom/gmapping_ws/install/openslam_gmapping:/opt/ros/humble'), ('SHELL', '/bin/bash'), ('LC_NAME', 'en_US.UTF-8'), ('TERMINATOR_UUID', 'urn:uuid:d0b21e24-9b98-4f18-b502-d8c00afe42a0'), ('QT_ACCESSIBILITY', '1'), ('GDMSESSION', 'ubuntu'), ('LESSCLOSE', '/usr/bin/lesspipe %s %s'), ('LC_MEASUREMENT', 'en_US.UTF-8'), ('LC_IDENTIFICATION', 'en_US.UTF-8'), ('QT_IM_MODULE', 'ibus'), ('PWD', '/home/yahboom/Desktop/team_repo/Lab3/wallaa2/roscourse_ws/build/turtle_interfaces'), ('TURTLEBOT3_MODEL', 'burger'), ('XDG_CONFIG_DIRS', '/etc/xdg/xdg-ubuntu:/etc/xdg'), ('XDG_DATA_DIRS', '/usr/share/ubuntu:/usr/local/share/:/usr/share/:/var/lib/snapd/desktop'), ('PYTHONPATH', '/home/yahboom/Desktop/team_repo/Lab3/wallaa2/roscourse_ws/install/webcam/lib/python3.10/site-packages:/home/yahboom/Desktop/team_repo/Lab3/wallaa2/roscourse_ws/install/python_turtle/lib/python3.10/site-packages:/home/yahboom/Desktop/team_repo/Lab3/wallaa2/roscourse_ws/install/turtle_interfaces/local/lib/python3.10/dist-packages:/home/yahboom/cartoros2/install/yahboomcar_nav/lib/python3.10/site-packages:/home/yahboom/cartoros2/install/yahboomcar_ctrl/lib/python3.10/site-packages:/home/yahboom/cartoros2/install/yahboom_web_savmap_interfaces/local/lib/python3.10/dist-packages:/home/yahboom/cartoros2/install/yahboom_visual/lib/python3.10/site-packages:/home/yahboom/cartoros2/install/yahboom_msgs/local/lib/python3.10/dist-packages:/home/yahboom/cartoros2/install/yahboom_dog_joint_state/lib/python3.10/site-packages:/home/yahboom/cartoros2/install/yahboom_description/lib/python3.10/site-packages:/home/yahboom/cartoros2/install/yahboom_color_identify_server/lib/python3.10/site-packages:/home/yahboom/cartoros2/install/yahboom_color_identify_interfaces/local/lib/python3.10/dist-packages:/home/yahboom/cartoros2/install/yahboom_bringup/lib/python3.10/site-packages:/home/yahboom/cartoros2/install/yahboom_base/lib/python3.10/site-packages:/home/yahboom/cartoros2/install/yahboom_attitude_record_interfaces/local/lib/python3.10/dist-packages:/home/yahboom/cartoros2/install/yahboom_app_save_map/lib/python3.10/site-packages:/home/yahboom/cartoros2/install/update_map/lib/python3.10/site-packages:/home/yahboom/cartoros2/install/rosboard/lib/python3.10/site-packages:/home/yahboom/cartoros2/install/path_planner_server/lib/python3.10/site-packages:/home/yahboom/cartoros2/install/dwb_msgs/local/lib/python3.10/dist-packages:/home/yahboom/cartoros2/install/nav_2d_msgs/local/lib/python3.10/dist-packages:/home/yahboom/cartoros2/install/nav2_simple_commander/lib/python3.10/site-packages:/home/yahboom/cartoros2/install/nav2_msgs/local/lib/python3.10/dist-packages:/home/yahboom/cartoros2/install/nav2_gazebo_spawner/lib/python3.10/site-packages:/home/yahboom/cartoros2/install/nav2_common/local/lib/python3.10/dist-packages:/home/yahboom/cartoros2/install/localization_server/lib/python3.10/site-packages:/home/yahboom/cartoros2/install/laserscan_to_point_pulisher/lib/python3.10/site-packages:/home/yahboom/cartoros2/install/image_color_lab/local/lib/python3.10/dist-packages:/home/yahboom/cartoros2/install/dynamixel_sdk_custom_interfaces/local/lib/python3.10/dist-packages:/home/yahboom/cartoros2/install/champ_msgs/local/lib/python3.10/dist-packages:/home/yahboom/cartoros2/install/champ_bringup/local/lib/python3.10/dist-packages:/home/yahboom/cartoros2/install/cartographer_ros_msgs/local/lib/python3.10/dist-packages:/home/yahboom/yahboomcar_ws/install/yahboom_dog_msgs/local/lib/python3.10/dist-packages:/home/yahboom/yahboomcar_ws/install/yahboom_dog_example/lib/python3.10/site-packages:/home/yahboom/yahboomcar_ws/install/turtlebot3_example/lib/python3.10/site-packages:/home/yahboom/yahboomcar_ws/install/dynamixel_sdk_custom_interfaces/local/lib/python3.10/dist-packages:/home/yahboom/yahboomcar_ws/install/champ_msgs/local/lib/python3.10/dist-packages:/home/yahboom/yahboomcar_ws/install/champ_bringup/local/lib/python3.10/dist-packages:/opt/ros/humble/lib/python3.10/site-packages:/opt/ros/humble/local/lib/python3.10/dist-packages'), ('LC_NUMERIC', 'en_US.UTF-8'), ('LC_PAPER', 'en_US.UTF-8'), ('COLCON', '1'), ('VTE_VERSION', '6800'), ('CMAKE_PREFIX_PATH', '/home/yahboom/Desktop/team_repo/Lab3/wallaa2/roscourse_ws/install/turtle_interfaces:/home/yahboom/cartoros2/install/yahboom_web_savmap_interfaces:/home/yahboom/cartoros2/install/yahboom_qrcode:/home/yahboom/cartoros2/install/yahboom_point:/home/yahboom/cartoros2/install/yahboom_nav2_send_goal:/home/yahboom/cartoros2/install/yahboom_msgs:/home/yahboom/cartoros2/install/yahboom_config:/home/yahboom/cartoros2/install/yahboom_color_identify_interfaces:/home/yahboom/cartoros2/install/yahboom_attitude_record_interfaces:/home/yahboom/cartoros2/install/turtlebot3_description:/home/yahboom/cartoros2/install/robot_pose_publisher_ros2:/home/yahboom/cartoros2/install/rf2o_laser_odometry:/home/yahboom/cartoros2/install/nav2_system_tests:/home/yahboom/cartoros2/install/nav2_bringup:/home/yahboom/cartoros2/install/navigation2:/home/yahboom/cartoros2/install/nav2_smoother:/home/yahboom/cartoros2/install/nav2_graceful_controller:/home/yahboom/cartoros2/install/nav2_dwb_controller:/home/yahboom/cartoros2/install/nav2_controller:/home/yahboom/cartoros2/install/dwb_plugins:/home/yahboom/cartoros2/install/dwb_critics:/home/yahboom/cartoros2/install/dwb_core:/home/yahboom/cartoros2/install/nav_2d_utils:/home/yahboom/cartoros2/install/dwb_msgs:/home/yahboom/cartoros2/install/nav_2d_msgs:/home/yahboom/cartoros2/install/nav2_waypoint_follower:/home/yahboom/cartoros2/install/nav2_theta_star_planner:/home/yahboom/cartoros2/install/nav2_smac_planner:/home/yahboom/cartoros2/install/nav2_rotation_shim_controller:/home/yahboom/cartoros2/install/nav2_regulated_pure_pursuit_controller:/home/yahboom/cartoros2/install/nav2_planner:/home/yahboom/cartoros2/install/nav2_navfn_planner:/home/yahboom/cartoros2/install/nav2_mppi_controller:/home/yahboom/cartoros2/install/nav2_constrained_smoother:/home/yahboom/cartoros2/install/nav2_bt_navigator:/home/yahboom/cartoros2/install/nav2_behaviors:/home/yahboom/cartoros2/install/nav2_core:/home/yahboom/cartoros2/install/nav2_collision_monitor:/home/yahboom/cartoros2/install/costmap_queue:/home/yahboom/cartoros2/install/nav2_costmap_2d:/home/yahboom/cartoros2/install/nav2_voxel_grid:/home/yahboom/cartoros2/install/nav2_velocity_smoother:/home/yahboom/cartoros2/install/nav2_rviz_plugins:/home/yahboom/cartoros2/install/nav2_map_server:/home/yahboom/cartoros2/install/nav2_lifecycle_manager:/home/yahboom/cartoros2/install/nav2_behavior_tree:/home/yahboom/cartoros2/install/nav2_amcl:/home/yahboom/cartoros2/install/nav2_util:/home/yahboom/cartoros2/install/nav2_msgs:/home/yahboom/cartoros2/install/nav2_common:/home/yahboom/cartoros2/install/image_color_lab:/home/yahboom/cartoros2/install/dynamixel_sdk_examples:/home/yahboom/cartoros2/install/dynamixel_sdk_custom_interfaces:/home/yahboom/cartoros2/install/dynamixel_sdk:/home/yahboom/cartoros2/install/csm:/home/yahboom/cartoros2/install/champ_msgs:/home/yahboom/cartoros2/install/champ_bringup:/home/yahboom/cartoros2/install/champ:/home/yahboom/cartoros2/install/cartographer_ros_msgs:/home/yahboom/cartoros2/install/cartographer:/home/yahboom/yahboomcar_ws/install/yahboom_navigation2:/home/yahboom/yahboomcar_ws/install/yahboom_dog_node:/home/yahboom/yahboomcar_ws/install/yahboom_dog_navigation2:/home/yahboom/yahboomcar_ws/install/yahboom_dog_nav:/home/yahboom/yahboomcar_ws/install/yahboom_dog_msgs:/home/yahboom/yahboomcar_ws/install/yahboom_dog_cartographer:/home/yahboom/yahboomcar_ws/install/yahboom_dog:/home/yahboom/yahboomcar_ws/install/yahboom_dog_bringup:/home/yahboom/yahboomcar_ws/install/dynamixel_sdk_examples:/home/yahboom/yahboomcar_ws/install/dynamixel_sdk_custom_interfaces:/home/yahboom/yahboomcar_ws/install/dynamixel_sdk:/home/yahboom/yahboomcar_ws/install/champ_navigation:/home/yahboom/yahboomcar_ws/install/champ_msgs:/home/yahboom/yahboomcar_ws/install/champ_bringup:/home/yahboom/yahboomcar_ws/install/champ_description:/home/yahboom/yahboomcar_ws/install/champ_config:/home/yahboom/yahboomcar_ws/install/champ:/home/yahboom/gmapping_ws/install/slam_gmapping:/home/yahboom/gmapping_ws/install/openslam_gmapping:/home/yahboom/Desktop/team_repo/Lab3/wallaa2/roscourse_ws/install/webcam:/home/yahboom/Desktop/team_repo/Lab3/wallaa2/roscourse_ws/install/python_turtle:/home/yahboom/cartoros2/install/yahboomcar_nav:/home/yahboom/cartoros2/install/yahboomcar_ctrl:/home/yahboom/cartoros2/install/yahboom_visual:/home/yahboom/cartoros2/install/yahboom_dog_joint_state:/home/yahboom/cartoros2/install/yahboom_description:/home/yahboom/cartoros2/install/yahboom_color_identify_server:/home/yahboom/cartoros2/install/yahboom_bringup:/home/yahboom/cartoros2/install/yahboom_base:/home/yahboom/cartoros2/install/yahboom_app_save_map:/home/yahboom/cartoros2/install/update_map:/home/yahboom/cartoros2/install/rosboard:/home/yahboom/cartoros2/install/path_planner_server:/home/yahboom/cartoros2/install/nav2_simple_commander:/home/yahboom/cartoros2/install/nav2_gazebo_spawner:/home/yahboom/cartoros2/install/localization_server:/home/yahboom/cartoros2/install/laserscan_to_point_pulisher:/home/yahboom/yahboomcar_ws/install/yahboom_dog_example:/opt/ros/humble')]), 'shell': False}
[7.838826] (turtle_interfaces) StdoutLine: {'line': b'-- Install configuration: ""\n'}
[7.839021] (turtle_interfaces) StdoutLine: {'line': b'-- Installing: /home/yahboom/Desktop/team_repo/Lab3/wallaa2/roscourse_ws/install/turtle_interfaces/share/ament_index/resource_index/rosidl_interfaces/turtle_interfaces\n'}
[7.839367] (turtle_interfaces) StdoutLine: {'line': b'-- Up-to-date: /home/yahboom/Desktop/team_repo/Lab3/wallaa2/roscourse_ws/install/turtle_interfaces/include/turtle_interfaces/turtle_interfaces\n'}
[7.839560] (turtle_interfaces) StdoutLine: {'line': b'-- Installing: /home/yahboom/Desktop/team_repo/Lab3/wallaa2/roscourse_ws/install/turtle_interfaces/include/turtle_interfaces/turtle_interfaces/action\n'}
[7.839702] (turtle_interfaces) StdoutLine: {'line': b'-- Installing: /home/yahboom/Desktop/team_repo/Lab3/wallaa2/roscourse_ws/install/turtle_interfaces/include/turtle_interfaces/turtle_interfaces/action/detail\n'}
[7.839793] (turtle_interfaces) StdoutLine: {'line': b'-- Installing: /home/yahboom/Desktop/team_repo/Lab3/wallaa2/roscourse_ws/install/turtle_interfaces/include/turtle_interfaces/turtle_interfaces/action/detail/turtle_to_goals__functions.c\n'}
[7.839924] (turtle_interfaces) StdoutLine: {'line': b'-- Installing: /home/yahboom/Desktop/team_repo/Lab3/wallaa2/roscourse_ws/install/turtle_interfaces/include/turtle_interfaces/turtle_interfaces/action/detail/turtle_to_goals__type_support.h\n'}
[7.840098] (turtle_interfaces) StdoutLine: {'line': b'-- Installing: /home/yahboom/Desktop/team_repo/Lab3/wallaa2/roscourse_ws/install/turtle_interfaces/include/turtle_interfaces/turtle_interfaces/action/detail/turtle_to_goals__struct.h\n'}
[7.840261] (turtle_interfaces) StdoutLine: {'line': b'-- Installing: /home/yahboom/Desktop/team_repo/Lab3/wallaa2/roscourse_ws/install/turtle_interfaces/include/turtle_interfaces/turtle_interfaces/action/detail/turtle_to_goals__functions.h\n'}
[7.840568] (turtle_interfaces) StdoutLine: {'line': b'-- Installing: /home/yahboom/Desktop/team_repo/Lab3/wallaa2/roscourse_ws/install/turtle_interfaces/include/turtle_interfaces/turtle_interfaces/action/turtle_to_goals.h\n'}
[7.840711] (turtle_interfaces) StdoutLine: {'line': b'-- Up-to-date: /home/yahboom/Desktop/team_repo/Lab3/wallaa2/roscourse_ws/install/turtle_interfaces/include/turtle_interfaces/turtle_interfaces/srv\n'}
[7.841812] (-) TimerEvent: {}
[7.842203] (turtle_interfaces) StdoutLine: {'line': b'-- Up-to-date: /home/yahboom/Desktop/team_repo/Lab3/wallaa2/roscourse_ws/install/turtle_interfaces/include/turtle_interfaces/turtle_interfaces/srv/detail\n'}
[7.842757] (turtle_interfaces) StdoutLine: {'line': b'-- Installing: /home/yahboom/Desktop/team_repo/Lab3/wallaa2/roscourse_ws/install/turtle_interfaces/include/turtle_interfaces/turtle_interfaces/srv/detail/set_color__type_support.h\n'}
[7.842972] (turtle_interfaces) StdoutLine: {'line': b'-- Installing: /home/yahboom/Desktop/team_repo/Lab3/wallaa2/roscourse_ws/install/turtle_interfaces/include/turtle_interfaces/turtle_interfaces/srv/detail/set_color__functions.h\n'}
[7.843170] (turtle_interfaces) StdoutLine: {'line': b'-- Installing: /home/yahboom/Desktop/team_repo/Lab3/wallaa2/roscourse_ws/install/turtle_interfaces/include/turtle_interfaces/turtle_interfaces/srv/detail/set_pose__functions.h\n'}
[7.843381] (turtle_interfaces) StdoutLine: {'line': b'-- Installing: /home/yahboom/Desktop/team_repo/Lab3/wallaa2/roscourse_ws/install/turtle_interfaces/include/turtle_interfaces/turtle_interfaces/srv/detail/set_color__functions.c\n'}
[7.843598] (turtle_interfaces) StdoutLine: {'line': b'-- Installing: /home/yahboom/Desktop/team_repo/Lab3/wallaa2/roscourse_ws/install/turtle_interfaces/include/turtle_interfaces/turtle_interfaces/srv/detail/set_pose__struct.h\n'}
[7.843781] (turtle_interfaces) StdoutLine: {'line': b'-- Installing: /home/yahboom/Desktop/team_repo/Lab3/wallaa2/roscourse_ws/install/turtle_interfaces/include/turtle_interfaces/turtle_interfaces/srv/detail/set_pose__type_support.h\n'}
[7.843950] (turtle_interfaces) StdoutLine: {'line': b'-- Installing: /home/yahboom/Desktop/team_repo/Lab3/wallaa2/roscourse_ws/install/turtle_interfaces/include/turtle_interfaces/turtle_interfaces/srv/detail/set_color__struct.h\n'}
[7.844151] (turtle_interfaces) StdoutLine: {'line': b'-- Installing: /home/yahboom/Desktop/team_repo/Lab3/wallaa2/roscourse_ws/install/turtle_interfaces/include/turtle_interfaces/turtle_interfaces/srv/detail/set_pose__functions.c\n'}
[7.844336] (turtle_interfaces) StdoutLine: {'line': b'-- Installing: /home/yahboom/Desktop/team_repo/Lab3/wallaa2/roscourse_ws/install/turtle_interfaces/include/turtle_interfaces/turtle_interfaces/srv/set_pose.h\n'}
[7.844530] (turtle_interfaces) StdoutLine: {'line': b'-- Installing: /home/yahboom/Desktop/team_repo/Lab3/wallaa2/roscourse_ws/install/turtle_interfaces/include/turtle_interfaces/turtle_interfaces/srv/set_color.h\n'}
[7.844681] (turtle_interfaces) StdoutLine: {'line': b'-- Up-to-date: /home/yahboom/Desktop/team_repo/Lab3/wallaa2/roscourse_ws/install/turtle_interfaces/include/turtle_interfaces/turtle_interfaces/msg\n'}
[7.844855] (turtle_interfaces) StdoutLine: {'line': b'-- Up-to-date: /home/yahboom/Desktop/team_repo/Lab3/wallaa2/roscourse_ws/install/turtle_interfaces/include/turtle_interfaces/turtle_interfaces/msg/detail\n'}
[7.845026] (turtle_interfaces) StdoutLine: {'line': b'-- Installing: /home/yahboom/Desktop/team_repo/Lab3/wallaa2/roscourse_ws/install/turtle_interfaces/include/turtle_interfaces/turtle_interfaces/msg/detail/turtle_msg__functions.c\n'}
[7.845361] (turtle_interfaces) StdoutLine: {'line': b'-- Installing: /home/yahboom/Desktop/team_repo/Lab3/wallaa2/roscourse_ws/install/turtle_interfaces/include/turtle_interfaces/turtle_interfaces/msg/detail/turtle_msg__type_support.h\n'}
[7.846045] (turtle_interfaces) StdoutLine: {'line': b'-- Installing: /home/yahboom/Desktop/team_repo/Lab3/wallaa2/roscourse_ws/install/turtle_interfaces/include/turtle_interfaces/turtle_interfaces/msg/detail/turtle_msg__functions.h\n'}
[7.846118] (turtle_interfaces) StdoutLine: {'line': b'-- Installing: /home/yahboom/Desktop/team_repo/Lab3/wallaa2/roscourse_ws/install/turtle_interfaces/include/turtle_interfaces/turtle_interfaces/msg/detail/turtle_msg__struct.h\n'}
[7.846303] (turtle_interfaces) StdoutLine: {'line': b'-- Installing: /home/yahboom/Desktop/team_repo/Lab3/wallaa2/roscourse_ws/install/turtle_interfaces/include/turtle_interfaces/turtle_interfaces/msg/turtle_msg.h\n'}
[7.846358] (turtle_interfaces) StdoutLine: {'line': b'-- Up-to-date: /home/yahboom/Desktop/team_repo/Lab3/wallaa2/roscourse_ws/install/turtle_interfaces/include/turtle_interfaces/turtle_interfaces/msg/rosidl_generator_c__visibility_control.h\n'}
[7.846407] (turtle_interfaces) StdoutLine: {'line': b'-- Up-to-date: /home/yahboom/Desktop/team_repo/Lab3/wallaa2/roscourse_ws/install/turtle_interfaces/share/turtle_interfaces/environment/library_path.sh\n'}
[7.846453] (turtle_interfaces) StdoutLine: {'line': b'-- Installing: /home/yahboom/Desktop/team_repo/Lab3/wallaa2/roscourse_ws/install/turtle_interfaces/share/turtle_interfaces/environment/library_path.dsv\n'}
[7.846587] (turtle_interfaces) StdoutLine: {'line': b'-- Installing: /home/yahboom/Desktop/team_repo/Lab3/wallaa2/roscourse_ws/install/turtle_interfaces/lib/libturtle_interfaces__rosidl_generator_c.so\n'}
[7.847103] (turtle_interfaces) StdoutLine: {'line': b'-- Set runtime path of "/home/yahboom/Desktop/team_repo/Lab3/wallaa2/roscourse_ws/install/turtle_interfaces/lib/libturtle_interfaces__rosidl_generator_c.so" to ""\n'}
[7.847380] (turtle_interfaces) StdoutLine: {'line': b'-- Up-to-date: /home/yahboom/Desktop/team_repo/Lab3/wallaa2/roscourse_ws/install/turtle_interfaces/include/turtle_interfaces/turtle_interfaces\n'}
[7.847468] (turtle_interfaces) StdoutLine: {'line': b'-- Up-to-date: /home/yahboom/Desktop/team_repo/Lab3/wallaa2/roscourse_ws/install/turtle_interfaces/include/turtle_interfaces/turtle_interfaces/action\n'}
[7.847538] (turtle_interfaces) StdoutLine: {'line': b'-- Up-to-date: /home/yahboom/Desktop/team_repo/Lab3/wallaa2/roscourse_ws/install/turtle_interfaces/include/turtle_interfaces/turtle_interfaces/action/detail\n'}
[7.847636] (turtle_interfaces) StdoutLine: {'line': b'-- Installing: /home/yahboom/Desktop/team_repo/Lab3/wallaa2/roscourse_ws/install/turtle_interfaces/include/turtle_interfaces/turtle_interfaces/action/detail/turtle_to_goals__rosidl_typesupport_fastrtps_c.h\n'}
[7.847808] (turtle_interfaces) StdoutLine: {'line': b'-- Up-to-date: /home/yahboom/Desktop/team_repo/Lab3/wallaa2/roscourse_ws/install/turtle_interfaces/include/turtle_interfaces/turtle_interfaces/srv\n'}
[7.848027] (turtle_interfaces) StdoutLine: {'line': b'-- Up-to-date: /home/yahboom/Desktop/team_repo/Lab3/wallaa2/roscourse_ws/install/turtle_interfaces/include/turtle_interfaces/turtle_interfaces/srv/detail\n'}
[7.848542] (turtle_interfaces) StdoutLine: {'line': b'-- Installing: /home/yahboom/Desktop/team_repo/Lab3/wallaa2/roscourse_ws/install/turtle_interfaces/include/turtle_interfaces/turtle_interfaces/srv/detail/set_color__rosidl_typesupport_fastrtps_c.h\n'}
[7.848791] (turtle_interfaces) StdoutLine: {'line': b'-- Installing: /home/yahboom/Desktop/team_repo/Lab3/wallaa2/roscourse_ws/install/turtle_interfaces/include/turtle_interfaces/turtle_interfaces/srv/detail/set_pose__rosidl_typesupport_fastrtps_c.h\n'}
[7.849020] (turtle_interfaces) StdoutLine: {'line': b'-- Up-to-date: /home/yahboom/Desktop/team_repo/Lab3/wallaa2/roscourse_ws/install/turtle_interfaces/include/turtle_interfaces/turtle_interfaces/msg\n'}
[7.849092] (turtle_interfaces) StdoutLine: {'line': b'-- Up-to-date: /home/yahboom/Desktop/team_repo/Lab3/wallaa2/roscourse_ws/install/turtle_interfaces/include/turtle_interfaces/turtle_interfaces/msg/detail\n'}
[7.849261] (turtle_interfaces) StdoutLine: {'line': b'-- Installing: /home/yahboom/Desktop/team_repo/Lab3/wallaa2/roscourse_ws/install/turtle_interfaces/include/turtle_interfaces/turtle_interfaces/msg/detail/turtle_msg__rosidl_typesupport_fastrtps_c.h\n'}
[7.849329] (turtle_interfaces) StdoutLine: {'line': b'-- Up-to-date: /home/yahboom/Desktop/team_repo/Lab3/wallaa2/roscourse_ws/install/turtle_interfaces/include/turtle_interfaces/turtle_interfaces/msg/rosidl_typesupport_fastrtps_c__visibility_control.h\n'}
[7.849553] (turtle_interfaces) StdoutLine: {'line': b'-- Installing: /home/yahboom/Desktop/team_repo/Lab3/wallaa2/roscourse_ws/install/turtle_interfaces/lib/libturtle_interfaces__rosidl_typesupport_fastrtps_c.so\n'}
[7.850093] (turtle_interfaces) StdoutLine: {'line': b'-- Set runtime path of "/home/yahboom/Desktop/team_repo/Lab3/wallaa2/roscourse_ws/install/turtle_interfaces/lib/libturtle_interfaces__rosidl_typesupport_fastrtps_c.so" to ""\n'}
[7.850174] (turtle_interfaces) StdoutLine: {'line': b'-- Up-to-date: /home/yahboom/Desktop/team_repo/Lab3/wallaa2/roscourse_ws/install/turtle_interfaces/include/turtle_interfaces/turtle_interfaces\n'}
[7.850371] (turtle_interfaces) StdoutLine: {'line': b'-- Up-to-date: /home/yahboom/Desktop/team_repo/Lab3/wallaa2/roscourse_ws/install/turtle_interfaces/include/turtle_interfaces/turtle_interfaces/action\n'}
[7.850453] (turtle_interfaces) StdoutLine: {'line': b'-- Installing: /home/yahboom/Desktop/team_repo/Lab3/wallaa2/roscourse_ws/install/turtle_interfaces/include/turtle_interfaces/turtle_interfaces/action/turtle_to_goals.hpp\n'}
[7.850500] (turtle_interfaces) StdoutLine: {'line': b'-- Up-to-date: /home/yahboom/Desktop/team_repo/Lab3/wallaa2/roscourse_ws/install/turtle_interfaces/include/turtle_interfaces/turtle_interfaces/action/detail\n'}
[7.850544] (turtle_interfaces) StdoutLine: {'line': b'-- Installing: /home/yahboom/Desktop/team_repo/Lab3/wallaa2/roscourse_ws/install/turtle_interfaces/include/turtle_interfaces/turtle_interfaces/action/detail/turtle_to_goals__traits.hpp\n'}
[7.850755] (turtle_interfaces) StdoutLine: {'line': b'-- Installing: /home/yahboom/Desktop/team_repo/Lab3/wallaa2/roscourse_ws/install/turtle_interfaces/include/turtle_interfaces/turtle_interfaces/action/detail/turtle_to_goals__builder.hpp\n'}
[7.850928] (turtle_interfaces) StdoutLine: {'line': b'-- Installing: /home/yahboom/Desktop/team_repo/Lab3/wallaa2/roscourse_ws/install/turtle_interfaces/include/turtle_interfaces/turtle_interfaces/action/detail/turtle_to_goals__struct.hpp\n'}
[7.851144] (turtle_interfaces) StdoutLine: {'line': b'-- Up-to-date: /home/yahboom/Desktop/team_repo/Lab3/wallaa2/roscourse_ws/install/turtle_interfaces/include/turtle_interfaces/turtle_interfaces/srv\n'}
[7.851355] (turtle_interfaces) StdoutLine: {'line': b'-- Installing: /home/yahboom/Desktop/team_repo/Lab3/wallaa2/roscourse_ws/install/turtle_interfaces/include/turtle_interfaces/turtle_interfaces/srv/set_pose.hpp\n'}
[7.851569] (turtle_interfaces) StdoutLine: {'line': b'-- Up-to-date: /home/yahboom/Desktop/team_repo/Lab3/wallaa2/roscourse_ws/install/turtle_interfaces/include/turtle_interfaces/turtle_interfaces/srv/detail\n'}
[7.851824] (turtle_interfaces) StdoutLine: {'line': b'-- Installing: /home/yahboom/Desktop/team_repo/Lab3/wallaa2/roscourse_ws/install/turtle_interfaces/include/turtle_interfaces/turtle_interfaces/srv/detail/set_color__struct.hpp\n'}
[7.852071] (turtle_interfaces) StdoutLine: {'line': b'-- Installing: /home/yahboom/Desktop/team_repo/Lab3/wallaa2/roscourse_ws/install/turtle_interfaces/include/turtle_interfaces/turtle_interfaces/srv/detail/set_color__builder.hpp\n'}
[7.852309] (turtle_interfaces) StdoutLine: {'line': b'-- Installing: /home/yahboom/Desktop/team_repo/Lab3/wallaa2/roscourse_ws/install/turtle_interfaces/include/turtle_interfaces/turtle_interfaces/srv/detail/set_pose__traits.hpp\n'}
[7.852640] (turtle_interfaces) StdoutLine: {'line': b'-- Installing: /home/yahboom/Desktop/team_repo/Lab3/wallaa2/roscourse_ws/install/turtle_interfaces/include/turtle_interfaces/turtle_interfaces/srv/detail/set_color__traits.hpp\n'}
[7.852807] (turtle_interfaces) StdoutLine: {'line': b'-- Installing: /home/yahboom/Desktop/team_repo/Lab3/wallaa2/roscourse_ws/install/turtle_interfaces/include/turtle_interfaces/turtle_interfaces/srv/detail/set_pose__builder.hpp\n'}
[7.853032] (turtle_interfaces) StdoutLine: {'line': b'-- Installing: /home/yahboom/Desktop/team_repo/Lab3/wallaa2/roscourse_ws/install/turtle_interfaces/include/turtle_interfaces/turtle_interfaces/srv/detail/set_pose__struct.hpp\n'}
[7.853357] (turtle_interfaces) StdoutLine: {'line': b'-- Installing: /home/yahboom/Desktop/team_repo/Lab3/wallaa2/roscourse_ws/install/turtle_interfaces/include/turtle_interfaces/turtle_interfaces/srv/set_color.hpp\n'}
[7.853540] (turtle_interfaces) StdoutLine: {'line': b'-- Up-to-date: /home/yahboom/Desktop/team_repo/Lab3/wallaa2/roscourse_ws/install/turtle_interfaces/include/turtle_interfaces/turtle_interfaces/msg\n'}
[7.853813] (turtle_interfaces) StdoutLine: {'line': b'-- Up-to-date: /home/yahboom/Desktop/team_repo/Lab3/wallaa2/roscourse_ws/install/turtle_interfaces/include/turtle_interfaces/turtle_interfaces/msg/detail\n'}
[7.853887] (turtle_interfaces) StdoutLine: {'line': b'-- Installing: /home/yahboom/Desktop/team_repo/Lab3/wallaa2/roscourse_ws/install/turtle_interfaces/include/turtle_interfaces/turtle_interfaces/msg/detail/turtle_msg__traits.hpp\n'}
[7.854063] (turtle_interfaces) StdoutLine: {'line': b'-- Installing: /home/yahboom/Desktop/team_repo/Lab3/wallaa2/roscourse_ws/install/turtle_interfaces/include/turtle_interfaces/turtle_interfaces/msg/detail/turtle_msg__struct.hpp\n'}
[7.854212] (turtle_interfaces) StdoutLine: {'line': b'-- Installing: /home/yahboom/Desktop/team_repo/Lab3/wallaa2/roscourse_ws/install/turtle_interfaces/include/turtle_interfaces/turtle_interfaces/msg/detail/turtle_msg__builder.hpp\n'}
[7.854344] (turtle_interfaces) StdoutLine: {'line': b'-- Installing: /home/yahboom/Desktop/team_repo/Lab3/wallaa2/roscourse_ws/install/turtle_interfaces/include/turtle_interfaces/turtle_interfaces/msg/turtle_msg.hpp\n'}
[7.854534] (turtle_interfaces) StdoutLine: {'line': b'-- Up-to-date: /home/yahboom/Desktop/team_repo/Lab3/wallaa2/roscourse_ws/install/turtle_interfaces/include/turtle_interfaces/turtle_interfaces\n'}
[7.854728] (turtle_interfaces) StdoutLine: {'line': b'-- Up-to-date: /home/yahboom/Desktop/team_repo/Lab3/wallaa2/roscourse_ws/install/turtle_interfaces/include/turtle_interfaces/turtle_interfaces/action\n'}
[7.854912] (turtle_interfaces) StdoutLine: {'line': b'-- Up-to-date: /home/yahboom/Desktop/team_repo/Lab3/wallaa2/roscourse_ws/install/turtle_interfaces/include/turtle_interfaces/turtle_interfaces/action/detail\n'}
[7.855039] (turtle_interfaces) StdoutLine: {'line': b'-- Installing: /home/yahboom/Desktop/team_repo/Lab3/wallaa2/roscourse_ws/install/turtle_interfaces/include/turtle_interfaces/turtle_interfaces/action/detail/dds_fastrtps\n'}
[7.855104] (turtle_interfaces) StdoutLine: {'line': b'-- Installing: /home/yahboom/Desktop/team_repo/Lab3/wallaa2/roscourse_ws/install/turtle_interfaces/include/turtle_interfaces/turtle_interfaces/action/detail/turtle_to_goals__rosidl_typesupport_fastrtps_cpp.hpp\n'}
[7.855153] (turtle_interfaces) StdoutLine: {'line': b'-- Up-to-date: /home/yahboom/Desktop/team_repo/Lab3/wallaa2/roscourse_ws/install/turtle_interfaces/include/turtle_interfaces/turtle_interfaces/srv\n'}
[7.855491] (turtle_interfaces) StdoutLine: {'line': b'-- Up-to-date: /home/yahboom/Desktop/team_repo/Lab3/wallaa2/roscourse_ws/install/turtle_interfaces/include/turtle_interfaces/turtle_interfaces/srv/detail\n'}
[7.855865] (turtle_interfaces) StdoutLine: {'line': b'-- Installing: /home/yahboom/Desktop/team_repo/Lab3/wallaa2/roscourse_ws/install/turtle_interfaces/include/turtle_interfaces/turtle_interfaces/srv/detail/set_color__rosidl_typesupport_fastrtps_cpp.hpp\n'}
[7.856076] (turtle_interfaces) StdoutLine: {'line': b'-- Installing: /home/yahboom/Desktop/team_repo/Lab3/wallaa2/roscourse_ws/install/turtle_interfaces/include/turtle_interfaces/turtle_interfaces/srv/detail/set_pose__rosidl_typesupport_fastrtps_cpp.hpp\n'}
[7.856242] (turtle_interfaces) StdoutLine: {'line': b'-- Up-to-date: /home/yahboom/Desktop/team_repo/Lab3/wallaa2/roscourse_ws/install/turtle_interfaces/include/turtle_interfaces/turtle_interfaces/srv/detail/dds_fastrtps\n'}
[7.856716] (turtle_interfaces) StdoutLine: {'line': b'-- Up-to-date: /home/yahboom/Desktop/team_repo/Lab3/wallaa2/roscourse_ws/install/turtle_interfaces/include/turtle_interfaces/turtle_interfaces/msg\n'}
[7.856812] (turtle_interfaces) StdoutLine: {'line': b'-- Up-to-date: /home/yahboom/Desktop/team_repo/Lab3/wallaa2/roscourse_ws/install/turtle_interfaces/include/turtle_interfaces/turtle_interfaces/msg/detail\n'}
[7.857151] (turtle_interfaces) StdoutLine: {'line': b'-- Installing: /home/yahboom/Desktop/team_repo/Lab3/wallaa2/roscourse_ws/install/turtle_interfaces/include/turtle_interfaces/turtle_interfaces/msg/detail/turtle_msg__rosidl_typesupport_fastrtps_cpp.hpp\n'}
[7.857364] (turtle_interfaces) StdoutLine: {'line': b'-- Up-to-date: /home/yahboom/Desktop/team_repo/Lab3/wallaa2/roscourse_ws/install/turtle_interfaces/include/turtle_interfaces/turtle_interfaces/msg/detail/dds_fastrtps\n'}
[7.857466] (turtle_interfaces) StdoutLine: {'line': b'-- Up-to-date: /home/yahboom/Desktop/team_repo/Lab3/wallaa2/roscourse_ws/install/turtle_interfaces/include/turtle_interfaces/turtle_interfaces/msg/rosidl_typesupport_fastrtps_cpp__visibility_control.h\n'}
[7.857666] (turtle_interfaces) StdoutLine: {'line': b'-- Installing: /home/yahboom/Desktop/team_repo/Lab3/wallaa2/roscourse_ws/install/turtle_interfaces/lib/libturtle_interfaces__rosidl_typesupport_fastrtps_cpp.so\n'}
[7.858242] (turtle_interfaces) StdoutLine: {'line': b'-- Set runtime path of "/home/yahboom/Desktop/team_repo/Lab3/wallaa2/roscourse_ws/install/turtle_interfaces/lib/libturtle_interfaces__rosidl_typesupport_fastrtps_cpp.so" to ""\n'}
[7.858379] (turtle_interfaces) StdoutLine: {'line': b'-- Up-to-date: /home/yahboom/Desktop/team_repo/Lab3/wallaa2/roscourse_ws/install/turtle_interfaces/include/turtle_interfaces/turtle_interfaces\n'}
[7.858521] (turtle_interfaces) StdoutLine: {'line': b'-- Up-to-date: /home/yahboom/Desktop/team_repo/Lab3/wallaa2/roscourse_ws/install/turtle_interfaces/include/turtle_interfaces/turtle_interfaces/action\n'}
[7.858688] (turtle_interfaces) StdoutLine: {'line': b'-- Up-to-date: /home/yahboom/Desktop/team_repo/Lab3/wallaa2/roscourse_ws/install/turtle_interfaces/include/turtle_interfaces/turtle_interfaces/action/detail\n'}
[7.858823] (turtle_interfaces) StdoutLine: {'line': b'-- Installing: /home/yahboom/Desktop/team_repo/Lab3/wallaa2/roscourse_ws/install/turtle_interfaces/include/turtle_interfaces/turtle_interfaces/action/detail/turtle_to_goals__type_support.c\n'}
[7.858966] (turtle_interfaces) StdoutLine: {'line': b'-- Installing: /home/yahboom/Desktop/team_repo/Lab3/wallaa2/roscourse_ws/install/turtle_interfaces/include/turtle_interfaces/turtle_interfaces/action/detail/turtle_to_goals__rosidl_typesupport_introspection_c.h\n'}
[7.859055] (turtle_interfaces) StdoutLine: {'line': b'-- Up-to-date: /home/yahboom/Desktop/team_repo/Lab3/wallaa2/roscourse_ws/install/turtle_interfaces/include/turtle_interfaces/turtle_interfaces/srv\n'}
[7.859354] (turtle_interfaces) StdoutLine: {'line': b'-- Up-to-date: /home/yahboom/Desktop/team_repo/Lab3/wallaa2/roscourse_ws/install/turtle_interfaces/include/turtle_interfaces/turtle_interfaces/srv/detail\n'}
[7.859741] (turtle_interfaces) StdoutLine: {'line': b'-- Installing: /home/yahboom/Desktop/team_repo/Lab3/wallaa2/roscourse_ws/install/turtle_interfaces/include/turtle_interfaces/turtle_interfaces/srv/detail/set_color__type_support.c\n'}
[7.859983] (turtle_interfaces) StdoutLine: {'line': b'-- Installing: /home/yahboom/Desktop/team_repo/Lab3/wallaa2/roscourse_ws/install/turtle_interfaces/include/turtle_interfaces/turtle_interfaces/srv/detail/set_pose__rosidl_typesupport_introspection_c.h\n'}
[7.860171] (turtle_interfaces) StdoutLine: {'line': b'-- Installing: /home/yahboom/Desktop/team_repo/Lab3/wallaa2/roscourse_ws/install/turtle_interfaces/include/turtle_interfaces/turtle_interfaces/srv/detail/set_pose__type_support.c\n'}
[7.860400] (turtle_interfaces) StdoutLine: {'line': b'-- Installing: /home/yahboom/Desktop/team_repo/Lab3/wallaa2/roscourse_ws/install/turtle_interfaces/include/turtle_interfaces/turtle_interfaces/srv/detail/set_color__rosidl_typesupport_introspection_c.h\n'}
[7.860573] (turtle_interfaces) StdoutLine: {'line': b'-- Up-to-date: /home/yahboom/Desktop/team_repo/Lab3/wallaa2/roscourse_ws/install/turtle_interfaces/include/turtle_interfaces/turtle_interfaces/msg\n'}
[7.860644] (turtle_interfaces) StdoutLine: {'line': b'-- Up-to-date: /home/yahboom/Desktop/team_repo/Lab3/wallaa2/roscourse_ws/install/turtle_interfaces/include/turtle_interfaces/turtle_interfaces/msg/detail\n'}
[7.860826] (turtle_interfaces) StdoutLine: {'line': b'-- Installing: /home/yahboom/Desktop/team_repo/Lab3/wallaa2/roscourse_ws/install/turtle_interfaces/include/turtle_interfaces/turtle_interfaces/msg/detail/turtle_msg__rosidl_typesupport_introspection_c.h\n'}
[7.860892] (turtle_interfaces) StdoutLine: {'line': b'-- Installing: /home/yahboom/Desktop/team_repo/Lab3/wallaa2/roscourse_ws/install/turtle_interfaces/include/turtle_interfaces/turtle_interfaces/msg/detail/turtle_msg__type_support.c\n'}
[7.861063] (turtle_interfaces) StdoutLine: {'line': b'-- Up-to-date: /home/yahboom/Desktop/team_repo/Lab3/wallaa2/roscourse_ws/install/turtle_interfaces/include/turtle_interfaces/turtle_interfaces/msg/rosidl_typesupport_introspection_c__visibility_control.h\n'}
[7.861236] (turtle_interfaces) StdoutLine: {'line': b'-- Installing: /home/yahboom/Desktop/team_repo/Lab3/wallaa2/roscourse_ws/install/turtle_interfaces/lib/libturtle_interfaces__rosidl_typesupport_introspection_c.so\n'}
[7.861833] (turtle_interfaces) StdoutLine: {'line': b'-- Set runtime path of "/home/yahboom/Desktop/team_repo/Lab3/wallaa2/roscourse_ws/install/turtle_interfaces/lib/libturtle_interfaces__rosidl_typesupport_introspection_c.so" to ""\n'}
[7.862005] (turtle_interfaces) StdoutLine: {'line': b'-- Installing: /home/yahboom/Desktop/team_repo/Lab3/wallaa2/roscourse_ws/install/turtle_interfaces/lib/libturtle_interfaces__rosidl_typesupport_c.so\n'}
[7.862455] (turtle_interfaces) StdoutLine: {'line': b'-- Set runtime path of "/home/yahboom/Desktop/team_repo/Lab3/wallaa2/roscourse_ws/install/turtle_interfaces/lib/libturtle_interfaces__rosidl_typesupport_c.so" to ""\n'}
[7.862608] (turtle_interfaces) StdoutLine: {'line': b'-- Up-to-date: /home/yahboom/Desktop/team_repo/Lab3/wallaa2/roscourse_ws/install/turtle_interfaces/include/turtle_interfaces/turtle_interfaces\n'}
[7.862715] (turtle_interfaces) StdoutLine: {'line': b'-- Up-to-date: /home/yahboom/Desktop/team_repo/Lab3/wallaa2/roscourse_ws/install/turtle_interfaces/include/turtle_interfaces/turtle_interfaces/action\n'}
[7.862836] (turtle_interfaces) StdoutLine: {'line': b'-- Up-to-date: /home/yahboom/Desktop/team_repo/Lab3/wallaa2/roscourse_ws/install/turtle_interfaces/include/turtle_interfaces/turtle_interfaces/action/detail\n'}
[7.863084] (turtle_interfaces) StdoutLine: {'line': b'-- Installing: /home/yahboom/Desktop/team_repo/Lab3/wallaa2/roscourse_ws/install/turtle_interfaces/include/turtle_interfaces/turtle_interfaces/action/detail/turtle_to_goals__rosidl_typesupport_introspection_cpp.hpp\n'}
[7.863158] (turtle_interfaces) StdoutLine: {'line': b'-- Installing: /home/yahboom/Desktop/team_repo/Lab3/wallaa2/roscourse_ws/install/turtle_interfaces/include/turtle_interfaces/turtle_interfaces/action/detail/turtle_to_goals__type_support.cpp\n'}
[7.863210] (turtle_interfaces) StdoutLine: {'line': b'-- Up-to-date: /home/yahboom/Desktop/team_repo/Lab3/wallaa2/roscourse_ws/install/turtle_interfaces/include/turtle_interfaces/turtle_interfaces/srv\n'}
[7.863543] (turtle_interfaces) StdoutLine: {'line': b'-- Up-to-date: /home/yahboom/Desktop/team_repo/Lab3/wallaa2/roscourse_ws/install/turtle_interfaces/include/turtle_interfaces/turtle_interfaces/srv/detail\n'}
[7.863921] (turtle_interfaces) StdoutLine: {'line': b'-- Installing: /home/yahboom/Desktop/team_repo/Lab3/wallaa2/roscourse_ws/install/turtle_interfaces/include/turtle_interfaces/turtle_interfaces/srv/detail/set_color__type_support.cpp\n'}
[7.864156] (turtle_interfaces) StdoutLine: {'line': b'-- Installing: /home/yahboom/Desktop/team_repo/Lab3/wallaa2/roscourse_ws/install/turtle_interfaces/include/turtle_interfaces/turtle_interfaces/srv/detail/set_pose__rosidl_typesupport_introspection_cpp.hpp\n'}
[7.864340] (turtle_interfaces) StdoutLine: {'line': b'-- Installing: /home/yahboom/Desktop/team_repo/Lab3/wallaa2/roscourse_ws/install/turtle_interfaces/include/turtle_interfaces/turtle_interfaces/srv/detail/set_pose__type_support.cpp\n'}
[7.864557] (turtle_interfaces) StdoutLine: {'line': b'-- Installing: /home/yahboom/Desktop/team_repo/Lab3/wallaa2/roscourse_ws/install/turtle_interfaces/include/turtle_interfaces/turtle_interfaces/srv/detail/set_color__rosidl_typesupport_introspection_cpp.hpp\n'}
[7.864738] (turtle_interfaces) StdoutLine: {'line': b'-- Up-to-date: /home/yahboom/Desktop/team_repo/Lab3/wallaa2/roscourse_ws/install/turtle_interfaces/include/turtle_interfaces/turtle_interfaces/msg\n'}
[7.865140] (turtle_interfaces) StdoutLine: {'line': b'-- Up-to-date: /home/yahboom/Desktop/team_repo/Lab3/wallaa2/roscourse_ws/install/turtle_interfaces/include/turtle_interfaces/turtle_interfaces/msg/detail\n'}
[7.865369] (turtle_interfaces) StdoutLine: {'line': b'-- Installing: /home/yahboom/Desktop/team_repo/Lab3/wallaa2/roscourse_ws/install/turtle_interfaces/include/turtle_interfaces/turtle_interfaces/msg/detail/turtle_msg__type_support.cpp\n'}
[7.865755] (turtle_interfaces) StdoutLine: {'line': b'-- Installing: /home/yahboom/Desktop/team_repo/Lab3/wallaa2/roscourse_ws/install/turtle_interfaces/include/turtle_interfaces/turtle_interfaces/msg/detail/turtle_msg__rosidl_typesupport_introspection_cpp.hpp\n'}
[7.865941] (turtle_interfaces) StdoutLine: {'line': b'-- Installing: /home/yahboom/Desktop/team_repo/Lab3/wallaa2/roscourse_ws/install/turtle_interfaces/lib/libturtle_interfaces__rosidl_typesupport_introspection_cpp.so\n'}
[7.866520] (turtle_interfaces) StdoutLine: {'line': b'-- Set runtime path of "/home/yahboom/Desktop/team_repo/Lab3/wallaa2/roscourse_ws/install/turtle_interfaces/lib/libturtle_interfaces__rosidl_typesupport_introspection_cpp.so" to ""\n'}
[7.866721] (turtle_interfaces) StdoutLine: {'line': b'-- Installing: /home/yahboom/Desktop/team_repo/Lab3/wallaa2/roscourse_ws/install/turtle_interfaces/lib/libturtle_interfaces__rosidl_typesupport_cpp.so\n'}
[7.867159] (turtle_interfaces) StdoutLine: {'line': b'-- Set runtime path of "/home/yahboom/Desktop/team_repo/Lab3/wallaa2/roscourse_ws/install/turtle_interfaces/lib/libturtle_interfaces__rosidl_typesupport_cpp.so" to ""\n'}
[7.867230] (turtle_interfaces) StdoutLine: {'line': b'-- Up-to-date: /home/yahboom/Desktop/team_repo/Lab3/wallaa2/roscourse_ws/install/turtle_interfaces/share/turtle_interfaces/environment/pythonpath.sh\n'}
[7.867384] (turtle_interfaces) StdoutLine: {'line': b'-- Installing: /home/yahboom/Desktop/team_repo/Lab3/wallaa2/roscourse_ws/install/turtle_interfaces/share/turtle_interfaces/environment/pythonpath.dsv\n'}
[7.867571] (turtle_interfaces) StdoutLine: {'line': b'-- Up-to-date: /home/yahboom/Desktop/team_repo/Lab3/wallaa2/roscourse_ws/install/turtle_interfaces/local/lib/python3.10/dist-packages/turtle_interfaces-0.0.0-py3.10.egg-info\n'}
[7.867638] (turtle_interfaces) StdoutLine: {'line': b'-- Installing: /home/yahboom/Desktop/team_repo/Lab3/wallaa2/roscourse_ws/install/turtle_interfaces/local/lib/python3.10/dist-packages/turtle_interfaces-0.0.0-py3.10.egg-info/top_level.txt\n'}
[7.867797] (turtle_interfaces) StdoutLine: {'line': b'-- Installing: /home/yahboom/Desktop/team_repo/Lab3/wallaa2/roscourse_ws/install/turtle_interfaces/local/lib/python3.10/dist-packages/turtle_interfaces-0.0.0-py3.10.egg-info/PKG-INFO\n'}
[7.868435] (turtle_interfaces) StdoutLine: {'line': b'-- Installing: /home/yahboom/Desktop/team_repo/Lab3/wallaa2/roscourse_ws/install/turtle_interfaces/local/lib/python3.10/dist-packages/turtle_interfaces-0.0.0-py3.10.egg-info/dependency_links.txt\n'}
[7.868519] (turtle_interfaces) StdoutLine: {'line': b'-- Installing: /home/yahboom/Desktop/team_repo/Lab3/wallaa2/roscourse_ws/install/turtle_interfaces/local/lib/python3.10/dist-packages/turtle_interfaces-0.0.0-py3.10.egg-info/SOURCES.txt\n'}
[7.868573] (turtle_interfaces) StdoutLine: {'line': b'-- Up-to-date: /home/yahboom/Desktop/team_repo/Lab3/wallaa2/roscourse_ws/install/turtle_interfaces/local/lib/python3.10/dist-packages/turtle_interfaces\n'}
[7.868709] (turtle_interfaces) StdoutLine: {'line': b'-- Installing: /home/yahboom/Desktop/team_repo/Lab3/wallaa2/roscourse_ws/install/turtle_interfaces/local/lib/python3.10/dist-packages/turtle_interfaces/libturtle_interfaces__rosidl_generator_py.so\n'}
[7.868762] (turtle_interfaces) StdoutLine: {'line': b'-- Installing: /home/yahboom/Desktop/team_repo/Lab3/wallaa2/roscourse_ws/install/turtle_interfaces/local/lib/python3.10/dist-packages/turtle_interfaces/action\n'}
[7.868894] (turtle_interfaces) StdoutLine: {'line': b'-- Installing: /home/yahboom/Desktop/team_repo/Lab3/wallaa2/roscourse_ws/install/turtle_interfaces/local/lib/python3.10/dist-packages/turtle_interfaces/action/_turtle_to_goals.py\n'}
[7.869084] (turtle_interfaces) StdoutLine: {'line': b'-- Installing: /home/yahboom/Desktop/team_repo/Lab3/wallaa2/roscourse_ws/install/turtle_interfaces/local/lib/python3.10/dist-packages/turtle_interfaces/action/__init__.py\n'}
[7.869166] (turtle_interfaces) StdoutLine: {'line': b'-- Installing: /home/yahboom/Desktop/team_repo/Lab3/wallaa2/roscourse_ws/install/turtle_interfaces/local/lib/python3.10/dist-packages/turtle_interfaces/action/_turtle_to_goals_s.c\n'}
[7.869387] (turtle_interfaces) StdoutLine: {'line': b'-- Installing: /home/yahboom/Desktop/team_repo/Lab3/wallaa2/roscourse_ws/install/turtle_interfaces/local/lib/python3.10/dist-packages/turtle_interfaces/_turtle_interfaces_s.ep.rosidl_typesupport_c.c\n'}
[7.869886] (turtle_interfaces) StdoutLine: {'line': b'-- Up-to-date: /home/yahboom/Desktop/team_repo/Lab3/wallaa2/roscourse_ws/install/turtle_interfaces/local/lib/python3.10/dist-packages/turtle_interfaces/srv\n'}
[7.869961] (turtle_interfaces) StdoutLine: {'line': b'-- Installing: /home/yahboom/Desktop/team_repo/Lab3/wallaa2/roscourse_ws/install/turtle_interfaces/local/lib/python3.10/dist-packages/turtle_interfaces/srv/_set_color.py\n'}
[7.870155] (turtle_interfaces) StdoutLine: {'line': b'-- Installing: /home/yahboom/Desktop/team_repo/Lab3/wallaa2/roscourse_ws/install/turtle_interfaces/local/lib/python3.10/dist-packages/turtle_interfaces/srv/_set_pose_s.c\n'}
[7.870373] (turtle_interfaces) StdoutLine: {'line': b'-- Installing: /home/yahboom/Desktop/team_repo/Lab3/wallaa2/roscourse_ws/install/turtle_interfaces/local/lib/python3.10/dist-packages/turtle_interfaces/srv/__init__.py\n'}
[7.870546] (turtle_interfaces) StdoutLine: {'line': b'-- Installing: /home/yahboom/Desktop/team_repo/Lab3/wallaa2/roscourse_ws/install/turtle_interfaces/local/lib/python3.10/dist-packages/turtle_interfaces/srv/_set_color_s.c\n'}
[7.870749] (turtle_interfaces) StdoutLine: {'line': b'-- Installing: /home/yahboom/Desktop/team_repo/Lab3/wallaa2/roscourse_ws/install/turtle_interfaces/local/lib/python3.10/dist-packages/turtle_interfaces/srv/_set_pose.py\n'}
[7.870978] (turtle_interfaces) StdoutLine: {'line': b'-- Installing: /home/yahboom/Desktop/team_repo/Lab3/wallaa2/roscourse_ws/install/turtle_interfaces/local/lib/python3.10/dist-packages/turtle_interfaces/turtle_interfaces_s__rosidl_typesupport_introspection_c.cpython-310-x86_64-linux-gnu.so\n'}
[7.871242] (turtle_interfaces) StdoutLine: {'line': b'-- Installing: /home/yahboom/Desktop/team_repo/Lab3/wallaa2/roscourse_ws/install/turtle_interfaces/local/lib/python3.10/dist-packages/turtle_interfaces/__init__.py\n'}
[7.871398] (turtle_interfaces) StdoutLine: {'line': b'-- Installing: /home/yahboom/Desktop/team_repo/Lab3/wallaa2/roscourse_ws/install/turtle_interfaces/local/lib/python3.10/dist-packages/turtle_interfaces/turtle_interfaces_s__rosidl_typesupport_fastrtps_c.cpython-310-x86_64-linux-gnu.so\n'}
[7.871663] (turtle_interfaces) StdoutLine: {'line': b'-- Installing: /home/yahboom/Desktop/team_repo/Lab3/wallaa2/roscourse_ws/install/turtle_interfaces/local/lib/python3.10/dist-packages/turtle_interfaces/_turtle_interfaces_s.ep.rosidl_typesupport_introspection_c.c\n'}
[7.871984] (turtle_interfaces) StdoutLine: {'line': b'-- Up-to-date: /home/yahboom/Desktop/team_repo/Lab3/wallaa2/roscourse_ws/install/turtle_interfaces/local/lib/python3.10/dist-packages/turtle_interfaces/msg\n'}
[7.872059] (turtle_interfaces) StdoutLine: {'line': b'-- Installing: /home/yahboom/Desktop/team_repo/Lab3/wallaa2/roscourse_ws/install/turtle_interfaces/local/lib/python3.10/dist-packages/turtle_interfaces/msg/_turtle_msg.py\n'}
[7.872142] (turtle_interfaces) StdoutLine: {'line': b'-- Installing: /home/yahboom/Desktop/team_repo/Lab3/wallaa2/roscourse_ws/install/turtle_interfaces/local/lib/python3.10/dist-packages/turtle_interfaces/msg/__init__.py\n'}
[7.872368] (turtle_interfaces) StdoutLine: {'line': b'-- Installing: /home/yahboom/Desktop/team_repo/Lab3/wallaa2/roscourse_ws/install/turtle_interfaces/local/lib/python3.10/dist-packages/turtle_interfaces/msg/_turtle_msg_s.c\n'}
[7.872559] (turtle_interfaces) StdoutLine: {'line': b'-- Installing: /home/yahboom/Desktop/team_repo/Lab3/wallaa2/roscourse_ws/install/turtle_interfaces/local/lib/python3.10/dist-packages/turtle_interfaces/turtle_interfaces_s__rosidl_typesupport_c.cpython-310-x86_64-linux-gnu.so\n'}
[7.872889] (turtle_interfaces) StdoutLine: {'line': b'-- Installing: /home/yahboom/Desktop/team_repo/Lab3/wallaa2/roscourse_ws/install/turtle_interfaces/local/lib/python3.10/dist-packages/turtle_interfaces/_turtle_interfaces_s.ep.rosidl_typesupport_fastrtps_c.c\n'}
[7.932069] (turtle_interfaces) StdoutLine: {'line': b"Listing '/home/yahboom/Desktop/team_repo/Lab3/wallaa2/roscourse_ws/install/turtle_interfaces/local/lib/python3.10/dist-packages/turtle_interfaces'...\n"}
[7.932273] (turtle_interfaces) StdoutLine: {'line': b"Compiling '/home/yahboom/Desktop/team_repo/Lab3/wallaa2/roscourse_ws/install/turtle_interfaces/local/lib/python3.10/dist-packages/turtle_interfaces/__init__.py'...\n"}
[7.932345] (turtle_interfaces) StdoutLine: {'line': b"Listing '/home/yahboom/Desktop/team_repo/Lab3/wallaa2/roscourse_ws/install/turtle_interfaces/local/lib/python3.10/dist-packages/turtle_interfaces/action'...\n"}
[7.932404] (turtle_interfaces) StdoutLine: {'line': b"Compiling '/home/yahboom/Desktop/team_repo/Lab3/wallaa2/roscourse_ws/install/turtle_interfaces/local/lib/python3.10/dist-packages/turtle_interfaces/action/__init__.py'...\n"}
[7.932462] (turtle_interfaces) StdoutLine: {'line': b"Compiling '/home/yahboom/Desktop/team_repo/Lab3/wallaa2/roscourse_ws/install/turtle_interfaces/local/lib/python3.10/dist-packages/turtle_interfaces/action/_turtle_to_goals.py'...\n"}
[7.932547] (turtle_interfaces) StdoutLine: {'line': b"Listing '/home/yahboom/Desktop/team_repo/Lab3/wallaa2/roscourse_ws/install/turtle_interfaces/local/lib/python3.10/dist-packages/turtle_interfaces/msg'...\n"}
[7.932625] (turtle_interfaces) StdoutLine: {'line': b"Compiling '/home/yahboom/Desktop/team_repo/Lab3/wallaa2/roscourse_ws/install/turtle_interfaces/local/lib/python3.10/dist-packages/turtle_interfaces/msg/__init__.py'...\n"}
[7.932684] (turtle_interfaces) StdoutLine: {'line': b"Compiling '/home/yahboom/Desktop/team_repo/Lab3/wallaa2/roscourse_ws/install/turtle_interfaces/local/lib/python3.10/dist-packages/turtle_interfaces/msg/_turtle_msg.py'...\n"}
[7.932740] (turtle_interfaces) StdoutLine: {'line': b"Listing '/home/yahboom/Desktop/team_repo/Lab3/wallaa2/roscourse_ws/install/turtle_interfaces/local/lib/python3.10/dist-packages/turtle_interfaces/srv'...\n"}
[7.932796] (turtle_interfaces) StdoutLine: {'line': b"Compiling '/home/yahboom/Desktop/team_repo/Lab3/wallaa2/roscourse_ws/install/turtle_interfaces/local/lib/python3.10/dist-packages/turtle_interfaces/srv/__init__.py'...\n"}
[7.932862] (turtle_interfaces) StdoutLine: {'line': b"Compiling '/home/yahboom/Desktop/team_repo/Lab3/wallaa2/roscourse_ws/install/turtle_interfaces/local/lib/python3.10/dist-packages/turtle_interfaces/srv/_set_color.py'...\n"}
[7.932914] (turtle_interfaces) StdoutLine: {'line': b"Compiling '/home/yahboom/Desktop/team_repo/Lab3/wallaa2/roscourse_ws/install/turtle_interfaces/local/lib/python3.10/dist-packages/turtle_interfaces/srv/_set_pose.py'...\n"}
[7.936556] (turtle_interfaces) StdoutLine: {'line': b'-- Installing: /home/yahboom/Desktop/team_repo/Lab3/wallaa2/roscourse_ws/install/turtle_interfaces/local/lib/python3.10/dist-packages/turtle_interfaces/turtle_interfaces_s__rosidl_typesupport_fastrtps_c.cpython-310-x86_64-linux-gnu.so\n'}
[7.937457] (turtle_interfaces) StdoutLine: {'line': b'-- Set runtime path of "/home/yahboom/Desktop/team_repo/Lab3/wallaa2/roscourse_ws/install/turtle_interfaces/local/lib/python3.10/dist-packages/turtle_interfaces/turtle_interfaces_s__rosidl_typesupport_fastrtps_c.cpython-310-x86_64-linux-gnu.so" to ""\n'}
[7.937701] (turtle_interfaces) StdoutLine: {'line': b'-- Installing: /home/yahboom/Desktop/team_repo/Lab3/wallaa2/roscourse_ws/install/turtle_interfaces/local/lib/python3.10/dist-packages/turtle_interfaces/turtle_interfaces_s__rosidl_typesupport_introspection_c.cpython-310-x86_64-linux-gnu.so\n'}
[7.938124] (turtle_interfaces) StdoutLine: {'line': b'-- Set runtime path of "/home/yahboom/Desktop/team_repo/Lab3/wallaa2/roscourse_ws/install/turtle_interfaces/local/lib/python3.10/dist-packages/turtle_interfaces/turtle_interfaces_s__rosidl_typesupport_introspection_c.cpython-310-x86_64-linux-gnu.so" to ""\n'}
[7.938352] (turtle_interfaces) StdoutLine: {'line': b'-- Installing: /home/yahboom/Desktop/team_repo/Lab3/wallaa2/roscourse_ws/install/turtle_interfaces/local/lib/python3.10/dist-packages/turtle_interfaces/turtle_interfaces_s__rosidl_typesupport_c.cpython-310-x86_64-linux-gnu.so\n'}
[7.938785] (turtle_interfaces) StdoutLine: {'line': b'-- Set runtime path of "/home/yahboom/Desktop/team_repo/Lab3/wallaa2/roscourse_ws/install/turtle_interfaces/local/lib/python3.10/dist-packages/turtle_interfaces/turtle_interfaces_s__rosidl_typesupport_c.cpython-310-x86_64-linux-gnu.so" to ""\n'}
[7.938982] (turtle_interfaces) StdoutLine: {'line': b'-- Installing: /home/yahboom/Desktop/team_repo/Lab3/wallaa2/roscourse_ws/install/turtle_interfaces/lib/libturtle_interfaces__rosidl_generator_py.so\n'}
[7.939490] (turtle_interfaces) StdoutLine: {'line': b'-- Set runtime path of "/home/yahboom/Desktop/team_repo/Lab3/wallaa2/roscourse_ws/install/turtle_interfaces/lib/libturtle_interfaces__rosidl_generator_py.so" to ""\n'}
[7.939587] (turtle_interfaces) StdoutLine: {'line': b'-- Up-to-date: /home/yahboom/Desktop/team_repo/Lab3/wallaa2/roscourse_ws/install/turtle_interfaces/share/turtle_interfaces/msg/TurtleMsg.idl\n'}
[7.939812] (turtle_interfaces) StdoutLine: {'line': b'-- Up-to-date: /home/yahboom/Desktop/team_repo/Lab3/wallaa2/roscourse_ws/install/turtle_interfaces/share/turtle_interfaces/srv/SetPose.idl\n'}
[7.939906] (turtle_interfaces) StdoutLine: {'line': b'-- Up-to-date: /home/yahboom/Desktop/team_repo/Lab3/wallaa2/roscourse_ws/install/turtle_interfaces/share/turtle_interfaces/srv/SetColor.idl\n'}
[7.940078] (turtle_interfaces) StdoutLine: {'line': b'-- Installing: /home/yahboom/Desktop/team_repo/Lab3/wallaa2/roscourse_ws/install/turtle_interfaces/share/turtle_interfaces/action/TurtleToGoals.idl\n'}
[7.940174] (turtle_interfaces) StdoutLine: {'line': b'-- Up-to-date: /home/yahboom/Desktop/team_repo/Lab3/wallaa2/roscourse_ws/install/turtle_interfaces/share/turtle_interfaces/msg/TurtleMsg.msg\n'}
[7.940294] (turtle_interfaces) StdoutLine: {'line': b'-- Up-to-date: /home/yahboom/Desktop/team_repo/Lab3/wallaa2/roscourse_ws/install/turtle_interfaces/share/turtle_interfaces/srv/SetPose.srv\n'}
[7.940440] (turtle_interfaces) StdoutLine: {'line': b'-- Up-to-date: /home/yahboom/Desktop/team_repo/Lab3/wallaa2/roscourse_ws/install/turtle_interfaces/share/turtle_interfaces/srv/SetPose_Request.msg\n'}
[7.940505] (turtle_interfaces) StdoutLine: {'line': b'-- Up-to-date: /home/yahboom/Desktop/team_repo/Lab3/wallaa2/roscourse_ws/install/turtle_interfaces/share/turtle_interfaces/srv/SetPose_Response.msg\n'}
[7.940554] (turtle_interfaces) StdoutLine: {'line': b'-- Up-to-date: /home/yahboom/Desktop/team_repo/Lab3/wallaa2/roscourse_ws/install/turtle_interfaces/share/turtle_interfaces/srv/SetColor.srv\n'}
[7.940679] (turtle_interfaces) StdoutLine: {'line': b'-- Up-to-date: /home/yahboom/Desktop/team_repo/Lab3/wallaa2/roscourse_ws/install/turtle_interfaces/share/turtle_interfaces/srv/SetColor_Request.msg\n'}
[7.940733] (turtle_interfaces) StdoutLine: {'line': b'-- Up-to-date: /home/yahboom/Desktop/team_repo/Lab3/wallaa2/roscourse_ws/install/turtle_interfaces/share/turtle_interfaces/srv/SetColor_Response.msg\n'}
[7.940781] (turtle_interfaces) StdoutLine: {'line': b'-- Installing: /home/yahboom/Desktop/team_repo/Lab3/wallaa2/roscourse_ws/install/turtle_interfaces/share/turtle_interfaces/action/TurtleToGoals.action\n'}
[7.940826] (turtle_interfaces) StdoutLine: {'line': b'-- Up-to-date: /home/yahboom/Desktop/team_repo/Lab3/wallaa2/roscourse_ws/install/turtle_interfaces/share/ament_index/resource_index/package_run_dependencies/turtle_interfaces\n'}
[7.940870] (turtle_interfaces) StdoutLine: {'line': b'-- Installing: /home/yahboom/Desktop/team_repo/Lab3/wallaa2/roscourse_ws/install/turtle_interfaces/share/ament_index/resource_index/parent_prefix_path/turtle_interfaces\n'}
[7.941623] (turtle_interfaces) StdoutLine: {'line': b'-- Up-to-date: /home/yahboom/Desktop/team_repo/Lab3/wallaa2/roscourse_ws/install/turtle_interfaces/share/turtle_interfaces/environment/ament_prefix_path.sh\n'}
[7.941725] (turtle_interfaces) StdoutLine: {'line': b'-- Installing: /home/yahboom/Desktop/team_repo/Lab3/wallaa2/roscourse_ws/install/turtle_interfaces/share/turtle_interfaces/environment/ament_prefix_path.dsv\n'}
[7.941921] (turtle_interfaces) StdoutLine: {'line': b'-- Up-to-date: /home/yahboom/Desktop/team_repo/Lab3/wallaa2/roscourse_ws/install/turtle_interfaces/share/turtle_interfaces/environment/path.sh\n'}
[7.942011] (-) TimerEvent: {}
[7.942213] (turtle_interfaces) StdoutLine: {'line': b'-- Installing: /home/yahboom/Desktop/team_repo/Lab3/wallaa2/roscourse_ws/install/turtle_interfaces/share/turtle_interfaces/environment/path.dsv\n'}
[7.942520] (turtle_interfaces) StdoutLine: {'line': b'-- Up-to-date: /home/yahboom/Desktop/team_repo/Lab3/wallaa2/roscourse_ws/install/turtle_interfaces/share/turtle_interfaces/local_setup.bash\n'}
[7.942587] (turtle_interfaces) StdoutLine: {'line': b'-- Up-to-date: /home/yahboom/Desktop/team_repo/Lab3/wallaa2/roscourse_ws/install/turtle_interfaces/share/turtle_interfaces/local_setup.sh\n'}
[7.942637] (turtle_interfaces) StdoutLine: {'line': b'-- Up-to-date: /home/yahboom/Desktop/team_repo/Lab3/wallaa2/roscourse_ws/install/turtle_interfaces/share/turtle_interfaces/local_setup.zsh\n'}
[7.942706] (turtle_interfaces) StdoutLine: {'line': b'-- Installing: /home/yahboom/Desktop/team_repo/Lab3/wallaa2/roscourse_ws/install/turtle_interfaces/share/turtle_interfaces/local_setup.dsv\n'}
[7.942817] (turtle_interfaces) StdoutLine: {'line': b'-- Installing: /home/yahboom/Desktop/team_repo/Lab3/wallaa2/roscourse_ws/install/turtle_interfaces/share/turtle_interfaces/package.dsv\n'}
[7.942955] (turtle_interfaces) StdoutLine: {'line': b'-- Up-to-date: /home/yahboom/Desktop/team_repo/Lab3/wallaa2/roscourse_ws/install/turtle_interfaces/share/ament_index/resource_index/packages/turtle_interfaces\n'}
[7.943077] (turtle_interfaces) StdoutLine: {'line': b'-- Old export file "/home/yahboom/Desktop/team_repo/Lab3/wallaa2/roscourse_ws/install/turtle_interfaces/share/turtle_interfaces/cmake/export_turtle_interfaces__rosidl_generator_cExport.cmake" will be replaced.  Removing files [/home/yahboom/Desktop/team_repo/Lab3/wallaa2/roscourse_ws/install/turtle_interfaces/share/turtle_interfaces/cmake/export_turtle_interfaces__rosidl_generator_cExport-noconfig.cmake].\n'}
[7.943425] (turtle_interfaces) StdoutLine: {'line': b'-- Installing: /home/yahboom/Desktop/team_repo/Lab3/wallaa2/roscourse_ws/install/turtle_interfaces/share/turtle_interfaces/cmake/export_turtle_interfaces__rosidl_generator_cExport.cmake\n'}
[7.943502] (turtle_interfaces) StdoutLine: {'line': b'-- Installing: /home/yahboom/Desktop/team_repo/Lab3/wallaa2/roscourse_ws/install/turtle_interfaces/share/turtle_interfaces/cmake/export_turtle_interfaces__rosidl_generator_cExport-noconfig.cmake\n'}
[7.943724] (turtle_interfaces) StdoutLine: {'line': b'-- Old export file "/home/yahboom/Desktop/team_repo/Lab3/wallaa2/roscourse_ws/install/turtle_interfaces/share/turtle_interfaces/cmake/export_turtle_interfaces__rosidl_typesupport_fastrtps_cExport.cmake" will be replaced.  Removing files [/home/yahboom/Desktop/team_repo/Lab3/wallaa2/roscourse_ws/install/turtle_interfaces/share/turtle_interfaces/cmake/export_turtle_interfaces__rosidl_typesupport_fastrtps_cExport-noconfig.cmake].\n'}
[7.943941] (turtle_interfaces) StdoutLine: {'line': b'-- Installing: /home/yahboom/Desktop/team_repo/Lab3/wallaa2/roscourse_ws/install/turtle_interfaces/share/turtle_interfaces/cmake/export_turtle_interfaces__rosidl_typesupport_fastrtps_cExport.cmake\n'}
[7.944058] (turtle_interfaces) StdoutLine: {'line': b'-- Installing: /home/yahboom/Desktop/team_repo/Lab3/wallaa2/roscourse_ws/install/turtle_interfaces/share/turtle_interfaces/cmake/export_turtle_interfaces__rosidl_typesupport_fastrtps_cExport-noconfig.cmake\n'}
[7.944304] (turtle_interfaces) StdoutLine: {'line': b'-- Installing: /home/yahboom/Desktop/team_repo/Lab3/wallaa2/roscourse_ws/install/turtle_interfaces/share/turtle_interfaces/cmake/export_turtle_interfaces__rosidl_generator_cppExport.cmake\n'}
[7.944578] (turtle_interfaces) StdoutLine: {'line': b'-- Old export file "/home/yahboom/Desktop/team_repo/Lab3/wallaa2/roscourse_ws/install/turtle_interfaces/share/turtle_interfaces/cmake/export_turtle_interfaces__rosidl_typesupport_fastrtps_cppExport.cmake" will be replaced.  Removing files [/home/yahboom/Desktop/team_repo/Lab3/wallaa2/roscourse_ws/install/turtle_interfaces/share/turtle_interfaces/cmake/export_turtle_interfaces__rosidl_typesupport_fastrtps_cppExport-noconfig.cmake].\n'}
[7.944700] (turtle_interfaces) StdoutLine: {'line': b'-- Installing: /home/yahboom/Desktop/team_repo/Lab3/wallaa2/roscourse_ws/install/turtle_interfaces/share/turtle_interfaces/cmake/export_turtle_interfaces__rosidl_typesupport_fastrtps_cppExport.cmake\n'}
[7.944865] (turtle_interfaces) StdoutLine: {'line': b'-- Installing: /home/yahboom/Desktop/team_repo/Lab3/wallaa2/roscourse_ws/install/turtle_interfaces/share/turtle_interfaces/cmake/export_turtle_interfaces__rosidl_typesupport_fastrtps_cppExport-noconfig.cmake\n'}
[7.945114] (turtle_interfaces) StdoutLine: {'line': b'-- Old export file "/home/yahboom/Desktop/team_repo/Lab3/wallaa2/roscourse_ws/install/turtle_interfaces/share/turtle_interfaces/cmake/turtle_interfaces__rosidl_typesupport_introspection_cExport.cmake" will be replaced.  Removing files [/home/yahboom/Desktop/team_repo/Lab3/wallaa2/roscourse_ws/install/turtle_interfaces/share/turtle_interfaces/cmake/turtle_interfaces__rosidl_typesupport_introspection_cExport-noconfig.cmake].\n'}
[7.945443] (turtle_interfaces) StdoutLine: {'line': b'-- Installing: /home/yahboom/Desktop/team_repo/Lab3/wallaa2/roscourse_ws/install/turtle_interfaces/share/turtle_interfaces/cmake/turtle_interfaces__rosidl_typesupport_introspection_cExport.cmake\n'}
[7.945639] (turtle_interfaces) StdoutLine: {'line': b'-- Installing: /home/yahboom/Desktop/team_repo/Lab3/wallaa2/roscourse_ws/install/turtle_interfaces/share/turtle_interfaces/cmake/turtle_interfaces__rosidl_typesupport_introspection_cExport-noconfig.cmake\n'}
[7.945828] (turtle_interfaces) StdoutLine: {'line': b'-- Old export file "/home/yahboom/Desktop/team_repo/Lab3/wallaa2/roscourse_ws/install/turtle_interfaces/share/turtle_interfaces/cmake/turtle_interfaces__rosidl_typesupport_cExport.cmake" will be replaced.  Removing files [/home/yahboom/Desktop/team_repo/Lab3/wallaa2/roscourse_ws/install/turtle_interfaces/share/turtle_interfaces/cmake/turtle_interfaces__rosidl_typesupport_cExport-noconfig.cmake].\n'}
[7.945928] (turtle_interfaces) StdoutLine: {'line': b'-- Installing: /home/yahboom/Desktop/team_repo/Lab3/wallaa2/roscourse_ws/install/turtle_interfaces/share/turtle_interfaces/cmake/turtle_interfaces__rosidl_typesupport_cExport.cmake\n'}
[7.946150] (turtle_interfaces) StdoutLine: {'line': b'-- Installing: /home/yahboom/Desktop/team_repo/Lab3/wallaa2/roscourse_ws/install/turtle_interfaces/share/turtle_interfaces/cmake/turtle_interfaces__rosidl_typesupport_cExport-noconfig.cmake\n'}
[7.946392] (turtle_interfaces) StdoutLine: {'line': b'-- Old export file "/home/yahboom/Desktop/team_repo/Lab3/wallaa2/roscourse_ws/install/turtle_interfaces/share/turtle_interfaces/cmake/turtle_interfaces__rosidl_typesupport_introspection_cppExport.cmake" will be replaced.  Removing files [/home/yahboom/Desktop/team_repo/Lab3/wallaa2/roscourse_ws/install/turtle_interfaces/share/turtle_interfaces/cmake/turtle_interfaces__rosidl_typesupport_introspection_cppExport-noconfig.cmake].\n'}
[7.946483] (turtle_interfaces) StdoutLine: {'line': b'-- Installing: /home/yahboom/Desktop/team_repo/Lab3/wallaa2/roscourse_ws/install/turtle_interfaces/share/turtle_interfaces/cmake/turtle_interfaces__rosidl_typesupport_introspection_cppExport.cmake\n'}
[7.946685] (turtle_interfaces) StdoutLine: {'line': b'-- Installing: /home/yahboom/Desktop/team_repo/Lab3/wallaa2/roscourse_ws/install/turtle_interfaces/share/turtle_interfaces/cmake/turtle_interfaces__rosidl_typesupport_introspection_cppExport-noconfig.cmake\n'}
[7.946958] (turtle_interfaces) StdoutLine: {'line': b'-- Old export file "/home/yahboom/Desktop/team_repo/Lab3/wallaa2/roscourse_ws/install/turtle_interfaces/share/turtle_interfaces/cmake/turtle_interfaces__rosidl_typesupport_cppExport.cmake" will be replaced.  Removing files [/home/yahboom/Desktop/team_repo/Lab3/wallaa2/roscourse_ws/install/turtle_interfaces/share/turtle_interfaces/cmake/turtle_interfaces__rosidl_typesupport_cppExport-noconfig.cmake].\n'}
[7.947035] (turtle_interfaces) StdoutLine: {'line': b'-- Installing: /home/yahboom/Desktop/team_repo/Lab3/wallaa2/roscourse_ws/install/turtle_interfaces/share/turtle_interfaces/cmake/turtle_interfaces__rosidl_typesupport_cppExport.cmake\n'}
[7.947210] (turtle_interfaces) StdoutLine: {'line': b'-- Installing: /home/yahboom/Desktop/team_repo/Lab3/wallaa2/roscourse_ws/install/turtle_interfaces/share/turtle_interfaces/cmake/turtle_interfaces__rosidl_typesupport_cppExport-noconfig.cmake\n'}
[7.947431] (turtle_interfaces) StdoutLine: {'line': b'-- Old export file "/home/yahboom/Desktop/team_repo/Lab3/wallaa2/roscourse_ws/install/turtle_interfaces/share/turtle_interfaces/cmake/export_turtle_interfaces__rosidl_generator_pyExport.cmake" will be replaced.  Removing files [/home/yahboom/Desktop/team_repo/Lab3/wallaa2/roscourse_ws/install/turtle_interfaces/share/turtle_interfaces/cmake/export_turtle_interfaces__rosidl_generator_pyExport-noconfig.cmake].\n'}
[7.947605] (turtle_interfaces) StdoutLine: {'line': b'-- Installing: /home/yahboom/Desktop/team_repo/Lab3/wallaa2/roscourse_ws/install/turtle_interfaces/share/turtle_interfaces/cmake/export_turtle_interfaces__rosidl_generator_pyExport.cmake\n'}
[7.947781] (turtle_interfaces) StdoutLine: {'line': b'-- Installing: /home/yahboom/Desktop/team_repo/Lab3/wallaa2/roscourse_ws/install/turtle_interfaces/share/turtle_interfaces/cmake/export_turtle_interfaces__rosidl_generator_pyExport-noconfig.cmake\n'}
[7.947958] (turtle_interfaces) StdoutLine: {'line': b'-- Installing: /home/yahboom/Desktop/team_repo/Lab3/wallaa2/roscourse_ws/install/turtle_interfaces/share/turtle_interfaces/cmake/rosidl_cmake-extras.cmake\n'}
[7.948134] (turtle_interfaces) StdoutLine: {'line': b'-- Installing: /home/yahboom/Desktop/team_repo/Lab3/wallaa2/roscourse_ws/install/turtle_interfaces/share/turtle_interfaces/cmake/ament_cmake_export_dependencies-extras.cmake\n'}
[7.948400] (turtle_interfaces) StdoutLine: {'line': b'-- Up-to-date: /home/yahboom/Desktop/team_repo/Lab3/wallaa2/roscourse_ws/install/turtle_interfaces/share/turtle_interfaces/cmake/ament_cmake_export_include_directories-extras.cmake\n'}
[7.948528] (turtle_interfaces) StdoutLine: {'line': b'-- Up-to-date: /home/yahboom/Desktop/team_repo/Lab3/wallaa2/roscourse_ws/install/turtle_interfaces/share/turtle_interfaces/cmake/ament_cmake_export_libraries-extras.cmake\n'}
[7.948628] (turtle_interfaces) StdoutLine: {'line': b'-- Up-to-date: /home/yahboom/Desktop/team_repo/Lab3/wallaa2/roscourse_ws/install/turtle_interfaces/share/turtle_interfaces/cmake/ament_cmake_export_targets-extras.cmake\n'}
[7.948781] (turtle_interfaces) StdoutLine: {'line': b'-- Up-to-date: /home/yahboom/Desktop/team_repo/Lab3/wallaa2/roscourse_ws/install/turtle_interfaces/share/turtle_interfaces/cmake/rosidl_cmake_export_typesupport_targets-extras.cmake\n'}
[7.948931] (turtle_interfaces) StdoutLine: {'line': b'-- Up-to-date: /home/yahboom/Desktop/team_repo/Lab3/wallaa2/roscourse_ws/install/turtle_interfaces/share/turtle_interfaces/cmake/rosidl_cmake_export_typesupport_libraries-extras.cmake\n'}
[7.949003] (turtle_interfaces) StdoutLine: {'line': b'-- Up-to-date: /home/yahboom/Desktop/team_repo/Lab3/wallaa2/roscourse_ws/install/turtle_interfaces/share/turtle_interfaces/cmake/turtle_interfacesConfig.cmake\n'}
[7.949054] (turtle_interfaces) StdoutLine: {'line': b'-- Up-to-date: /home/yahboom/Desktop/team_repo/Lab3/wallaa2/roscourse_ws/install/turtle_interfaces/share/turtle_interfaces/cmake/turtle_interfacesConfig-version.cmake\n'}
[7.949175] (turtle_interfaces) StdoutLine: {'line': b'-- Up-to-date: /home/yahboom/Desktop/team_repo/Lab3/wallaa2/roscourse_ws/install/turtle_interfaces/share/turtle_interfaces/package.xml\n'}
[7.951846] (turtle_interfaces) CommandEnded: {'returncode': 0}
[8.042362] (-) TimerEvent: {}
[8.143246] (-) TimerEvent: {}
[8.244081] (-) TimerEvent: {}
[8.344745] (-) TimerEvent: {}
[8.419038] (turtle_interfaces) JobEnded: {'identifier': 'turtle_interfaces', 'rc': 0}
[8.419855] (-) EventReactorShutdown: {}
